"","Jahr","Quarter","Stadt","total"
"1",1998,1,"Wuppertal",76841
"2",1999,1,"Wuppertal",83727
"3",2000,1,"Wuppertal",79943
"4",2001,1,"Wuppertal",88313
"5",2002,1,"Wuppertal",78953
"6",2003,1,"Wuppertal",73286
"7",2004,1,"Wuppertal",79948
"8",2005,1,"Wuppertal",74753
"9",2006,1,"Wuppertal",84535
"10",2007,1,"Wuppertal",90963
"11",2008,1,"Wuppertal",113519
"12",2009,1,"Wuppertal",98944
"13",2010,1,"Wuppertal",98614
"14",2011,1,"Wuppertal",110309
"15",2012,1,"Wuppertal",125339
"16",2013,1,"Wuppertal",120548
"17",2014,1,"Wuppertal",126743
"18",2015,1,"Wuppertal",137550
"19",2016,1,"Wuppertal",146846
"20",2017,1,"Wuppertal",145764
"21",2018,1,"Wuppertal",141797
"22",2019,1,"Wuppertal",150377
"23",2020,1,"Wuppertal",137032
"24",2021,1,"Wuppertal",51968
"25",2022,1,"Wuppertal",96164
"26",2023,1,"Wuppertal",153824
"27",2024,1,"Wuppertal",145609
"28",1998,2,"Wuppertal",86922
"29",1999,2,"Wuppertal",89699
"30",2000,2,"Wuppertal",94525
"31",2001,2,"Wuppertal",83629
"32",2002,2,"Wuppertal",72659
"33",2003,2,"Wuppertal",76301
"34",2004,2,"Wuppertal",88907
"35",2005,2,"Wuppertal",92987
"36",2006,2,"Wuppertal",99062
"37",2007,2,"Wuppertal",96184
"38",2008,2,"Wuppertal",129470
"39",2009,2,"Wuppertal",106809
"40",2010,2,"Wuppertal",111352
"41",2011,2,"Wuppertal",122453
"42",2012,2,"Wuppertal",133037
"43",2013,2,"Wuppertal",134127
"44",2014,2,"Wuppertal",138302
"45",2015,2,"Wuppertal",151950
"46",2016,2,"Wuppertal",165040
"47",2017,2,"Wuppertal",151928
"48",2018,2,"Wuppertal",150271
"49",2019,2,"Wuppertal",167913
"50",2020,2,"Wuppertal",39035
"51",2021,2,"Wuppertal",58340
"52",2022,2,"Wuppertal",163829
"53",2023,2,"Wuppertal",172336
"54",2024,2,"Wuppertal",169959
"55",1998,3,"Wuppertal",89146
"56",1999,3,"Wuppertal",85197
"57",2000,3,"Wuppertal",84688
"58",2001,3,"Wuppertal",72775
"59",2002,3,"Wuppertal",73751
"60",2003,3,"Wuppertal",74505
"61",2004,3,"Wuppertal",75164
"62",2005,3,"Wuppertal",81585
"63",2006,3,"Wuppertal",91534
"64",2007,3,"Wuppertal",115472
"65",2008,3,"Wuppertal",115356
"66",2009,3,"Wuppertal",105146
"67",2010,3,"Wuppertal",116578
"68",2011,3,"Wuppertal",125814
"69",2012,3,"Wuppertal",132652
"70",2013,3,"Wuppertal",135321
"71",2014,3,"Wuppertal",136364
"72",2015,3,"Wuppertal",137802
"73",2016,3,"Wuppertal",153169
"74",2017,3,"Wuppertal",141175
"75",2018,3,"Wuppertal",148952
"76",2019,3,"Wuppertal",161042
"77",2020,3,"Wuppertal",89102
"78",2021,3,"Wuppertal",110448
"79",2022,3,"Wuppertal",151882
"80",2023,3,"Wuppertal",158303
"81",1998,4,"Wuppertal",86549
"82",1999,4,"Wuppertal",81409
"83",2000,4,"Wuppertal",84219
"84",2001,4,"Wuppertal",81746
"85",2002,4,"Wuppertal",72371
"86",2003,4,"Wuppertal",77376
"87",2004,4,"Wuppertal",84040
"88",2005,4,"Wuppertal",84960
"89",2006,4,"Wuppertal",93455
"90",2007,4,"Wuppertal",128504
"91",2008,4,"Wuppertal",115332
"92",2009,4,"Wuppertal",112435
"93",2010,4,"Wuppertal",131186
"94",2011,4,"Wuppertal",134214
"95",2012,4,"Wuppertal",129342
"96",2013,4,"Wuppertal",143547
"97",2014,4,"Wuppertal",143412
"98",2015,4,"Wuppertal",147901
"99",2016,4,"Wuppertal",152501
"100",2017,4,"Wuppertal",144086
"101",2018,4,"Wuppertal",158373
"102",2019,4,"Wuppertal",175784
"103",2020,4,"Wuppertal",75910
"104",2021,4,"Wuppertal",124082
"105",2022,4,"Wuppertal",151074
"106",2023,4,"Wuppertal",167912
"107",1998,1,"Stuttgart",440286
"108",1999,1,"Stuttgart",471446
"109",2000,1,"Stuttgart",467001
"110",2001,1,"Stuttgart",513310
"111",2002,1,"Stuttgart",502345
"112",2003,1,"Stuttgart",513269
"113",2004,1,"Stuttgart",521583
"114",2005,1,"Stuttgart",508692
"115",2006,1,"Stuttgart",591826
"116",2007,1,"Stuttgart",562897
"117",2008,1,"Stuttgart",601033
"118",2009,1,"Stuttgart",584499
"119",2010,1,"Stuttgart",578633
"120",2011,1,"Stuttgart",629233
"121",2012,1,"Stuttgart",728096
"122",2013,1,"Stuttgart",687588
"123",2014,1,"Stuttgart",746787
"124",2015,1,"Stuttgart",775917
"125",2016,1,"Stuttgart",804007
"126",2017,1,"Stuttgart",839320
"127",2018,1,"Stuttgart",893180
"128",2019,1,"Stuttgart",902920
"129",2020,1,"Stuttgart",705099
"130",2021,1,"Stuttgart",182435
"131",2022,1,"Stuttgart",450937
"132",2023,1,"Stuttgart",839067
"133",2024,1,"Stuttgart",1049595
"134",1998,2,"Stuttgart",477586
"135",1999,2,"Stuttgart",522387
"136",2000,2,"Stuttgart",486359
"137",2001,2,"Stuttgart",539252
"138",2002,2,"Stuttgart",518770
"139",2003,2,"Stuttgart",519342
"140",2004,2,"Stuttgart",536983
"141",2005,2,"Stuttgart",580713
"142",2006,2,"Stuttgart",656453
"143",2007,2,"Stuttgart",617318
"144",2008,2,"Stuttgart",690282
"145",2009,2,"Stuttgart",590605
"146",2010,2,"Stuttgart",657021
"147",2011,2,"Stuttgart",719898
"148",2012,2,"Stuttgart",744983
"149",2013,2,"Stuttgart",786893
"150",2014,2,"Stuttgart",847125
"151",2015,2,"Stuttgart",895584
"152",2016,2,"Stuttgart",924384
"153",2017,2,"Stuttgart",964543
"154",2018,2,"Stuttgart",971492
"155",2019,2,"Stuttgart",1050638
"156",2020,2,"Stuttgart",172283
"157",2021,2,"Stuttgart",257538
"158",2022,2,"Stuttgart",890702
"159",2023,2,"Stuttgart",1037553
"160",2024,2,"Stuttgart",1170750
"161",1998,3,"Stuttgart",488622
"162",1999,3,"Stuttgart",488023
"163",2000,3,"Stuttgart",521388
"164",2001,3,"Stuttgart",556669
"165",2002,3,"Stuttgart",524746
"166",2003,3,"Stuttgart",539986
"167",2004,3,"Stuttgart",562473
"168",2005,3,"Stuttgart",598463
"169",2006,3,"Stuttgart",660672
"170",2007,3,"Stuttgart",699566
"171",2008,3,"Stuttgart",706881
"172",2009,3,"Stuttgart",644005
"173",2010,3,"Stuttgart",717588
"174",2011,3,"Stuttgart",771388
"175",2012,3,"Stuttgart",807588
"176",2013,3,"Stuttgart",841114
"177",2014,3,"Stuttgart",936714
"178",2015,3,"Stuttgart",939303
"179",2016,3,"Stuttgart",979649
"180",2017,3,"Stuttgart",993044
"181",2018,3,"Stuttgart",1023419
"182",2019,3,"Stuttgart",1063510
"183",2020,3,"Stuttgart",490104
"184",2021,3,"Stuttgart",594079
"185",2022,3,"Stuttgart",973198
"186",2023,3,"Stuttgart",1083103
"187",1998,4,"Stuttgart",544279
"188",1999,4,"Stuttgart",548644
"189",2000,4,"Stuttgart",570453
"190",2001,4,"Stuttgart",570487
"191",2002,4,"Stuttgart",579553
"192",2003,4,"Stuttgart",588361
"193",2004,4,"Stuttgart",624020
"194",2005,4,"Stuttgart",652176
"195",2006,4,"Stuttgart",664892
"196",2007,4,"Stuttgart",706859
"197",2008,4,"Stuttgart",737953
"198",2009,4,"Stuttgart",690604
"199",2010,4,"Stuttgart",749352
"200",2011,4,"Stuttgart",780855
"201",2012,4,"Stuttgart",835101
"202",2013,4,"Stuttgart",884878
"203",2014,4,"Stuttgart",935702
"204",2015,4,"Stuttgart",950686
"205",2016,4,"Stuttgart",997977
"206",2017,4,"Stuttgart",984657
"207",2018,4,"Stuttgart",1023690
"208",2019,4,"Stuttgart",1069615
"209",2020,4,"Stuttgart",280617
"210",2021,4,"Stuttgart",595186
"211",2022,4,"Stuttgart",990976
"212",2023,4,"Stuttgart",1100514
"213",1998,1,"Rotterdam",135800
"214",1999,1,"Rotterdam",160600
"215",2000,1,"Rotterdam",167700
"216",2001,1,"Rotterdam",181500
"217",2002,1,"Rotterdam",174300
"218",2003,1,"Rotterdam",161000
"219",2004,1,"Rotterdam",156800
"220",2005,1,"Rotterdam",196400
"221",2006,1,"Rotterdam",196500
"222",2007,1,"Rotterdam",236200
"223",2008,1,"Rotterdam",202000
"224",2009,1,"Rotterdam",214800
"225",2010,1,"Rotterdam",231700
"226",2011,1,"Rotterdam",248100
"227",2012,1,"Rotterdam",277000
"228",2013,1,"Rotterdam",286000
"229",2014,1,"Rotterdam",321000
"230",2015,1,"Rotterdam",328000
"231",2016,1,"Rotterdam",365000
"232",2017,1,"Rotterdam",388000
"233",2018,1,"Rotterdam",489000
"234",2019,1,"Rotterdam",452000
"235",2020,1,"Rotterdam",379000
"236",2021,1,"Rotterdam",153000
"237",2022,1,"Rotterdam",330000
"238",2023,1,"Rotterdam",522000
"239",2024,1,"Rotterdam",614000
"240",1998,2,"Rotterdam",188800
"241",1999,2,"Rotterdam",212200
"242",2000,2,"Rotterdam",229500
"243",2001,2,"Rotterdam",227000
"244",2002,2,"Rotterdam",233400
"245",2003,2,"Rotterdam",187700
"246",2004,2,"Rotterdam",201600
"247",2005,2,"Rotterdam",251900
"248",2006,2,"Rotterdam",256800
"249",2007,2,"Rotterdam",303200
"250",2008,2,"Rotterdam",272100
"251",2009,2,"Rotterdam",247300
"252",2010,2,"Rotterdam",291700
"253",2011,2,"Rotterdam",331200
"254",2012,2,"Rotterdam",347000
"255",2013,2,"Rotterdam",356000
"256",2014,2,"Rotterdam",399000
"257",2015,2,"Rotterdam",422000
"258",2016,2,"Rotterdam",440000
"259",2017,2,"Rotterdam",494000
"260",2018,2,"Rotterdam",568000
"261",2019,2,"Rotterdam",547000
"262",2020,2,"Rotterdam",125000
"263",2021,2,"Rotterdam",243000
"264",2022,2,"Rotterdam",662000
"265",2023,2,"Rotterdam",670000
"266",2024,2,"Rotterdam",760000
"267",1998,3,"Rotterdam",188300
"268",1999,3,"Rotterdam",194300
"269",2000,3,"Rotterdam",236700
"270",2001,3,"Rotterdam",229800
"271",2002,3,"Rotterdam",231500
"272",2003,3,"Rotterdam",177700
"273",2004,3,"Rotterdam",187700
"274",2005,3,"Rotterdam",215700
"275",2006,3,"Rotterdam",261500
"276",2007,3,"Rotterdam",293200
"277",2008,3,"Rotterdam",256100
"278",2009,3,"Rotterdam",258200
"279",2010,3,"Rotterdam",278000
"280",2011,3,"Rotterdam",295800
"281",2012,3,"Rotterdam",299000
"282",2013,3,"Rotterdam",317000
"283",2014,3,"Rotterdam",405000
"284",2015,3,"Rotterdam",426000
"285",2016,3,"Rotterdam",438000
"286",2017,3,"Rotterdam",496000
"287",2018,3,"Rotterdam",547000
"288",2019,3,"Rotterdam",543000
"289",2020,3,"Rotterdam",356000
"290",2021,3,"Rotterdam",447000
"291",2022,3,"Rotterdam",695000
"292",2023,3,"Rotterdam",782000
"293",1998,4,"Rotterdam",171600
"294",1999,4,"Rotterdam",184300
"295",2000,4,"Rotterdam",2e+05
"296",2001,4,"Rotterdam",202200
"297",2002,4,"Rotterdam",195200
"298",2003,4,"Rotterdam",159200
"299",2004,4,"Rotterdam",193500
"300",2005,4,"Rotterdam",225700
"301",2006,4,"Rotterdam",241500
"302",2007,4,"Rotterdam",250200
"303",2008,4,"Rotterdam",221600
"304",2009,4,"Rotterdam",248200
"305",2010,4,"Rotterdam",280700
"306",2011,4,"Rotterdam",268500
"307",2012,4,"Rotterdam",295000
"308",2013,4,"Rotterdam",301000
"309",2014,4,"Rotterdam",334000
"310",2015,4,"Rotterdam",371000
"311",2016,4,"Rotterdam",425000
"312",2017,4,"Rotterdam",442000
"313",2018,4,"Rotterdam",438000
"314",2019,4,"Rotterdam",493000
"315",2020,4,"Rotterdam",171000
"316",2021,4,"Rotterdam",325000
"317",2022,4,"Rotterdam",575000
"318",2023,4,"Rotterdam",627000
"319",1998,1,"Oslo",533346
"320",1999,1,"Oslo",503544
"321",2000,1,"Oslo",521232
"322",2001,1,"Oslo",545647
"323",2002,1,"Oslo",511494
"324",2003,1,"Oslo",502752
"325",2004,1,"Oslo",540902
"326",2005,1,"Oslo",546529
"327",2006,1,"Oslo",660253
"328",2007,1,"Oslo",675810
"329",2008,1,"Oslo",638308
"330",2009,1,"Oslo",643046
"331",2010,1,"Oslo",649867
"332",2011,1,"Oslo",769165
"333",2012,1,"Oslo",752729
"334",2013,1,"Oslo",758596
"335",2014,1,"Oslo",843460
"336",2015,1,"Oslo",884458
"337",2016,1,"Oslo",931708
"338",2017,1,"Oslo",1004955
"339",2018,1,"Oslo",1028335
"340",2019,1,"Oslo",1079083
"341",2020,1,"Oslo",871621
"342",2021,1,"Oslo",169684
"343",2022,1,"Oslo",705680
"344",2023,1,"Oslo",1030036
"345",2024,1,"Oslo",1095133
"346",1998,2,"Oslo",644897
"347",1999,2,"Oslo",666593
"348",2000,2,"Oslo",597862
"349",2001,2,"Oslo",641198
"350",2002,2,"Oslo",669173
"351",2003,2,"Oslo",622843
"352",2004,2,"Oslo",674020
"353",2005,2,"Oslo",764982
"354",2006,2,"Oslo",765030
"355",2007,2,"Oslo",758473
"356",2008,2,"Oslo",811700
"357",2009,2,"Oslo",765584
"358",2010,2,"Oslo",846829
"359",2011,2,"Oslo",888174
"360",2012,2,"Oslo",890590
"361",2013,2,"Oslo",996803
"362",2014,2,"Oslo",1016641
"363",2015,2,"Oslo",1137410
"364",2016,2,"Oslo",1144445
"365",2017,2,"Oslo",1170505
"366",2018,2,"Oslo",1258575
"367",2019,2,"Oslo",1337486
"368",2020,2,"Oslo",234817
"369",2021,2,"Oslo",272895
"370",2022,2,"Oslo",1283395
"371",2023,2,"Oslo",1392854
"372",2024,2,"Oslo",1433666
"373",1998,3,"Oslo",857270
"374",1999,3,"Oslo",828433
"375",2000,3,"Oslo",835226
"376",2001,3,"Oslo",861499
"377",2002,3,"Oslo",841890
"378",2003,3,"Oslo",809414
"379",2004,3,"Oslo",883052
"380",2005,3,"Oslo",947879
"381",2006,3,"Oslo",965773
"382",2007,3,"Oslo",983024
"383",2008,3,"Oslo",943722
"384",2009,3,"Oslo",962627
"385",2010,3,"Oslo",1042561
"386",2011,3,"Oslo",1064775
"387",2012,3,"Oslo",1099635
"388",2013,3,"Oslo",1129288
"389",2014,3,"Oslo",1218265
"390",2015,3,"Oslo",1376223
"391",2016,3,"Oslo",1496569
"392",2017,3,"Oslo",1541385
"393",2018,3,"Oslo",1523229
"394",2019,3,"Oslo",1683325
"395",2020,3,"Oslo",701191
"396",2021,3,"Oslo",999215
"397",2022,3,"Oslo",1610863
"398",2023,3,"Oslo",1730379
"399",1998,4,"Oslo",585744
"400",1999,4,"Oslo",532017
"401",2000,4,"Oslo",575240
"402",2001,4,"Oslo",570131
"403",2002,4,"Oslo",576570
"404",2003,4,"Oslo",591743
"405",2004,4,"Oslo",644900
"406",2005,4,"Oslo",682983
"407",2006,4,"Oslo",718592
"408",2007,4,"Oslo",723378
"409",2008,4,"Oslo",714277
"410",2009,4,"Oslo",771562
"411",2010,4,"Oslo",780956
"412",2011,4,"Oslo",785687
"413",2012,4,"Oslo",832609
"414",2013,4,"Oslo",863895
"415",2014,4,"Oslo",930589
"416",2015,4,"Oslo",990688
"417",2016,4,"Oslo",1080763
"418",2017,4,"Oslo",1105075
"419",2018,4,"Oslo",1044605
"420",2019,4,"Oslo",1240647
"421",2020,4,"Oslo",330750
"422",2021,4,"Oslo",896350
"423",2022,4,"Oslo",1186869
"424",2023,4,"Oslo",1251138
"425",1998,1,"Nürnberg",386653.14286699
"426",1999,1,"Nürnberg",399187.686179256
"427",2000,1,"Nürnberg",425769.506084619
"428",2001,1,"Nürnberg",412443.576127383
"429",2002,1,"Nürnberg",395674.339678758
"430",2003,1,"Nürnberg",398054.827215736
"431",2004,1,"Nürnberg",409174.387789477
"432",2005,1,"Nürnberg",426871.599810492
"433",2006,1,"Nürnberg",479341
"434",2007,1,"Nürnberg",498918
"435",2008,1,"Nürnberg",487664
"436",2009,1,"Nürnberg",493762
"437",2010,1,"Nürnberg",523565
"438",2011,1,"Nürnberg",555759
"439",2012,1,"Nürnberg",596706
"440",2013,1,"Nürnberg",588264
"441",2014,1,"Nürnberg",613123
"442",2015,1,"Nürnberg",614495
"443",2016,1,"Nürnberg",687744
"444",2017,1,"Nürnberg",702979
"445",2018,1,"Nürnberg",775207
"446",2019,1,"Nürnberg",766110
"447",2020,1,"Nürnberg",573899
"448",2021,1,"Nürnberg",114205
"449",2022,1,"Nürnberg",361894
"450",2023,1,"Nürnberg",705794
"451",2024,1,"Nürnberg",795929
"452",1998,2,"Nürnberg",437127.814564141
"453",1999,2,"Nürnberg",451298.648619756
"454",2000,2,"Nürnberg",481350.526010977
"455",2001,2,"Nürnberg",466284.995711524
"456",2002,2,"Nürnberg",447326.661049239
"457",2003,2,"Nürnberg",450017.903403874
"458",2004,2,"Nürnberg",462589.039322935
"459",2005,2,"Nürnberg",482596.489817875
"460",2006,2,"Nürnberg",569300
"461",2007,2,"Nürnberg",544029
"462",2008,2,"Nürnberg",601700
"463",2009,2,"Nürnberg",514069
"464",2010,2,"Nürnberg",583421
"465",2011,2,"Nürnberg",583423
"466",2012,2,"Nürnberg",659245
"467",2013,2,"Nürnberg",651320
"468",2014,2,"Nürnberg",692757
"469",2015,2,"Nürnberg",739286
"470",2016,2,"Nürnberg",815831
"471",2017,2,"Nürnberg",803333
"472",2018,2,"Nürnberg",879467
"473",2019,2,"Nürnberg",856804
"474",2020,2,"Nürnberg",148028
"475",2021,2,"Nürnberg",186058
"476",2022,2,"Nürnberg",824590
"477",2023,2,"Nürnberg",912781
"478",2024,2,"Nürnberg",979444
"479",1998,3,"Nürnberg",472060.779386312
"480",1999,3,"Nürnberg",487364.072258484
"481",2000,3,"Nürnberg",519817.53824867
"482",2001,3,"Nürnberg",503548.049696177
"483",2002,3,"Nürnberg",483074.664250621
"484",2003,3,"Nürnberg",485980.976594789
"485",2004,3,"Nürnberg",499556.731836171
"486",2005,3,"Nürnberg",521163.072955397
"487",2006,3,"Nürnberg",550905
"488",2007,3,"Nürnberg",560551
"489",2008,3,"Nürnberg",580213
"490",2009,3,"Nürnberg",544417
"491",2010,3,"Nürnberg",646263
"492",2011,3,"Nürnberg",688144
"493",2012,3,"Nürnberg",711567
"494",2013,3,"Nürnberg",698087
"495",2014,3,"Nürnberg",760725
"496",2015,3,"Nürnberg",837444
"497",2016,3,"Nürnberg",850964
"498",2017,3,"Nürnberg",895344
"499",2018,3,"Nürnberg",998598
"500",2019,3,"Nürnberg",995299
"501",2020,3,"Nürnberg",548824
"502",2021,3,"Nürnberg",693850
"503",2022,3,"Nürnberg",998008
"504",2023,3,"Nürnberg",977217
"505",1998,4,"Nürnberg",476226.263182558
"506",1999,4,"Nürnberg",491664.592942504
"507",2000,4,"Nürnberg",524404.429655735
"508",2001,4,"Nürnberg",507991.378464916
"509",2002,4,"Nürnberg",487337.335021383
"510",2003,4,"Nürnberg",490269.2927856
"511",2004,4,"Nürnberg",503964.841051417
"512",2005,4,"Nürnberg",525761.837416235
"513",2006,4,"Nürnberg",567569
"514",2007,4,"Nürnberg",585557
"515",2008,4,"Nürnberg",608002
"516",2009,4,"Nürnberg",580810
"517",2010,4,"Nürnberg",671337
"518",2011,4,"Nürnberg",686017
"519",2012,4,"Nürnberg",680793
"520",2013,4,"Nürnberg",730135
"521",2014,4,"Nürnberg",759749
"522",2015,4,"Nürnberg",819840
"523",2016,4,"Nürnberg",869325
"524",2017,4,"Nürnberg",890863
"525",2018,4,"Nürnberg",947815
"526",2019,4,"Nürnberg",961667
"527",2020,4,"Nürnberg",228677
"528",2021,4,"Nürnberg",506445
"529",2022,4,"Nürnberg",897043
"530",2023,4,"Nürnberg",954366
"531",1998,1,"Münster",253062
"532",1999,1,"Münster",255809
"533",2000,1,"Münster",250416
"534",2001,1,"Münster",246655
"535",2002,1,"Münster",237896
"536",2003,1,"Münster",248917
"537",2004,1,"Münster",253148
"538",2005,1,"Münster",241133
"539",2006,1,"Münster",242328
"540",2007,1,"Münster",248635
"541",2008,1,"Münster",234314
"542",2009,1,"Münster",245974
"543",2010,1,"Münster",255342
"544",2011,1,"Münster",280384
"545",2012,1,"Münster",300190
"546",2013,1,"Münster",285097
"547",2014,1,"Münster",299457
"548",2015,1,"Münster",295759
"549",2016,1,"Münster",292030
"550",2017,1,"Münster",287175
"551",2018,1,"Münster",295868
"552",2019,1,"Münster",289103
"553",2020,1,"Münster",229252
"554",2021,1,"Münster",48979
"555",2022,1,"Münster",184014
"556",2023,1,"Münster",368553
"557",2024,1,"Münster",366369
"558",1998,2,"Münster",284102
"559",1999,2,"Münster",277620
"560",2000,2,"Münster",268736
"561",2001,2,"Münster",266010
"562",2002,2,"Münster",282960
"563",2003,2,"Münster",289709
"564",2004,2,"Münster",288390
"565",2005,2,"Münster",302281
"566",2006,2,"Münster",293699
"567",2007,2,"Münster",287774
"568",2008,2,"Münster",301537
"569",2009,2,"Münster",300248
"570",2010,2,"Münster",327518
"571",2011,2,"Münster",339651
"572",2012,2,"Münster",349404
"573",2013,2,"Münster",366448
"574",2014,2,"Münster",346227
"575",2015,2,"Münster",352114
"576",2016,2,"Münster",358893
"577",2017,2,"Münster",352739
"578",2018,2,"Münster",351061
"579",2019,2,"Münster",359399
"580",2020,2,"Münster",82573
"581",2021,2,"Münster",122941
"582",2022,2,"Münster",372644
"583",2023,2,"Münster",535201
"584",2024,2,"Münster",517866
"585",1998,3,"Münster",266490
"586",1999,3,"Münster",256557
"587",2000,3,"Münster",250337
"588",2001,3,"Münster",259803
"589",2002,3,"Münster",256701
"590",2003,3,"Münster",256640
"591",2004,3,"Münster",250025
"592",2005,3,"Münster",274302
"593",2006,3,"Münster",287601
"594",2007,3,"Münster",318309
"595",2008,3,"Münster",294792
"596",2009,3,"Münster",312346
"597",2010,3,"Münster",338254
"598",2011,3,"Münster",355133
"599",2012,3,"Münster",370174
"600",2013,3,"Münster",369862
"601",2014,3,"Münster",369053
"602",2015,3,"Münster",363175
"603",2016,3,"Münster",345205
"604",2017,3,"Münster",366974
"605",2018,3,"Münster",354356
"606",2019,3,"Münster",379814
"607",2020,3,"Münster",260071
"608",2021,3,"Münster",326942
"609",2022,3,"Münster",494279
"610",2023,3,"Münster",513877
"611",1998,4,"Münster",296458
"612",1999,4,"Münster",275576
"613",2000,4,"Münster",272693
"614",2001,4,"Münster",272443
"615",2002,4,"Münster",276769
"616",2003,4,"Münster",292189
"617",2004,4,"Münster",260465
"618",2005,4,"Münster",267414
"619",2006,4,"Münster",268996
"620",2007,4,"Münster",273581
"621",2008,4,"Münster",279068
"622",2009,4,"Münster",287366
"623",2010,4,"Münster",316799
"624",2011,4,"Münster",337768
"625",2012,4,"Münster",331457
"626",2013,4,"Münster",344378
"627",2014,4,"Münster",348871
"628",2015,4,"Münster",346833
"629",2016,4,"Münster",327154
"630",2017,4,"Münster",317466
"631",2018,4,"Münster",340423
"632",2019,4,"Münster",358991
"633",2020,4,"Münster",140777
"634",2021,4,"Münster",293357
"635",2022,4,"Münster",479438
"636",2023,4,"Münster",507718
"637",1998,1,"München",1353146.86689384
"638",1999,1,"München",1430706.13860711
"639",2000,1,"München",1525218.68212622
"640",2001,1,"München",1493573.37445031
"641",2002,1,"München",1366541.0371081
"642",2003,1,"München",1387820.33112033
"643",2004,1,"München",1511269.57602095
"644",2005,1,"München",1643081.59861014
"645",2006,1,"München",1702643
"646",2007,1,"München",1891285
"647",2008,1,"München",1930780
"648",2009,1,"München",1937216
"649",2010,1,"München",2125083
"650",2011,1,"München",2295788
"651",2012,1,"München",2392658
"652",2013,1,"München",2614591
"653",2014,1,"München",2636404
"654",2015,1,"München",2817168
"655",2016,1,"München",2890442
"656",2017,1,"München",2935038
"657",2018,1,"München",3382138
"658",2019,1,"München",3591061
"659",2020,1,"München",2870150
"660",2021,1,"München",680065
"661",2022,1,"München",1969010
"662",2023,1,"München",3423775
"663",2024,1,"München",3729443
"664",1998,2,"München",1730225.69755452
"665",1999,2,"München",1829398.26210397
"666",2000,2,"München",1950248.43405418
"667",2001,2,"München",1909784.58945055
"668",2002,2,"München",1747352.39537952
"669",2003,2,"München",1774561.54926117
"670",2004,2,"München",1932412.15742247
"671",2005,2,"München",2100955.98242055
"672",2006,2,"München",2218124
"673",2007,2,"München",2363825
"674",2008,2,"München",2520338
"675",2009,2,"München",2441681
"676",2010,2,"München",2808703
"677",2011,2,"München",2925027
"678",2012,2,"München",3120830
"679",2013,2,"München",3307119
"680",2014,2,"München",3411367
"681",2015,2,"München",3504501
"682",2016,2,"München",3639551
"683",2017,2,"München",3675617
"684",2018,2,"München",4278052
"685",2019,2,"München",4696333
"686",2020,2,"München",746954
"687",2021,2,"München",1169293
"688",2022,2,"München",4168039
"689",2023,2,"München",4974035
"690",2024,2,"München",4946234
"691",1998,3,"München",2063091.91223174
"692",1999,3,"München",2181343.60397718
"693",2000,3,"München",2325443.30882764
"694",2001,3,"München",2277194.90362967
"695",2002,3,"München",2083513.49758672
"696",2003,3,"München",2115957.23333243
"697",2004,3,"München",2304175.63368259
"698",2005,3,"München",2505144.44526688
"699",2006,3,"München",2720618
"700",2007,3,"München",2870820
"701",2008,3,"München",2972383
"702",2009,3,"München",2999618
"703",2010,3,"München",3463912
"704",2011,3,"München",3549597
"705",2012,3,"München",3691415
"706",2013,3,"München",3779571
"707",2014,3,"München",3978100
"708",2015,3,"München",4264447
"709",2016,3,"München",4012068
"710",2017,3,"München",4700240
"711",2018,3,"München",5092552
"712",2019,3,"München",5300448
"713",2020,3,"München",2374071
"714",2021,3,"München",3378956
"715",2022,3,"München",5362707
"716",2023,3,"München",5608037
"717",1998,4,"München",1734655.52331989
"718",1999,4,"München",1834081.99531174
"719",2000,4,"München",1955241.57499195
"720",2001,4,"München",1914674.13246947
"721",2002,4,"München",1751826.06992566
"722",2003,4,"München",1779104.88628607
"723",2004,4,"München",1937359.63287399
"724",2005,4,"München",2106334.97370242
"725",2006,4,"München",2236831
"726",2007,4,"München",2403275
"727",2008,4,"München",2421170
"728",2009,4,"München",2543488
"729",2010,4,"München",2758834
"730",2011,4,"München",2973627
"731",2012,4,"München",3167469
"732",2013,4,"München",3205036
"733",2014,4,"München",3404502
"734",2015,4,"München",3469852
"735",2016,4,"München",3485045
"736",2017,4,"München",3962222
"737",2018,4,"München",4337150
"738",2019,4,"München",4674738
"739",2020,4,"München",1068192
"740",2021,4,"München",2723103
"741",2022,4,"München",4503482
"742",2023,4,"München",4664631
"743",1998,1,"Kopenhagen",513444
"744",1999,1,"Kopenhagen",548493
"745",2000,1,"Kopenhagen",556878
"746",2001,1,"Kopenhagen",619333
"747",2002,1,"Kopenhagen",595631
"748",2003,1,"Kopenhagen",571502
"749",2004,1,"Kopenhagen",645711
"750",2005,1,"Kopenhagen",679156
"751",2006,1,"Kopenhagen",701422
"752",2007,1,"Kopenhagen",763023
"753",2008,1,"Kopenhagen",800068
"754",2009,1,"Kopenhagen",681606
"755",2010,1,"Kopenhagen",727805
"756",2011,1,"Kopenhagen",847599
"757",2012,1,"Kopenhagen",968598
"758",2013,1,"Kopenhagen",1004485
"759",2014,1,"Kopenhagen",1077629
"760",2015,1,"Kopenhagen",1183576
"761",2016,1,"Kopenhagen",1266471
"762",2017,1,"Kopenhagen",1319441
"763",2018,1,"Kopenhagen",1356140
"764",2019,1,"Kopenhagen",1424147
"765",2020,1,"Kopenhagen",1110266
"766",2021,1,"Kopenhagen",309677
"767",2022,1,"Kopenhagen",1104011
"768",2023,1,"Kopenhagen",1615440
"769",2024,1,"Kopenhagen",1734584
"770",1998,2,"Kopenhagen",752396
"771",1999,2,"Kopenhagen",814603
"772",2000,2,"Kopenhagen",888407
"773",2001,2,"Kopenhagen",923408
"774",2002,2,"Kopenhagen",926455
"775",2003,2,"Kopenhagen",889984
"776",2004,2,"Kopenhagen",1046696
"777",2005,2,"Kopenhagen",1112709
"778",2006,2,"Kopenhagen",1113029
"779",2007,2,"Kopenhagen",1154986
"780",2008,2,"Kopenhagen",1201882
"781",2009,2,"Kopenhagen",1054001
"782",2010,2,"Kopenhagen",1216292
"783",2011,2,"Kopenhagen",1430329
"784",2012,2,"Kopenhagen",1600239
"785",2013,2,"Kopenhagen",1647318
"786",2014,2,"Kopenhagen",1721255
"787",2015,2,"Kopenhagen",1801891
"788",2016,2,"Kopenhagen",1811648
"789",2017,2,"Kopenhagen",1857917
"790",2018,2,"Kopenhagen",1951177
"791",2019,2,"Kopenhagen",2134320
"792",2020,2,"Kopenhagen",215965
"793",2021,2,"Kopenhagen",564648
"794",2022,2,"Kopenhagen",2373483
"795",2023,2,"Kopenhagen",2583658
"796",2024,2,"Kopenhagen",2741904
"797",1998,3,"Kopenhagen",1007657
"798",1999,3,"Kopenhagen",1011506
"799",2000,3,"Kopenhagen",1127821
"800",2001,3,"Kopenhagen",1146302
"801",2002,3,"Kopenhagen",1152381
"802",2003,3,"Kopenhagen",1195876
"803",2004,3,"Kopenhagen",1324229
"804",2005,3,"Kopenhagen",1374175
"805",2006,3,"Kopenhagen",1408743
"806",2007,3,"Kopenhagen",1441178
"807",2008,3,"Kopenhagen",1395956
"808",2009,3,"Kopenhagen",1396988
"809",2010,3,"Kopenhagen",1642440
"810",2011,3,"Kopenhagen",1829419
"811",2012,3,"Kopenhagen",1878875
"812",2013,3,"Kopenhagen",1999385
"813",2014,3,"Kopenhagen",2050175
"814",2015,3,"Kopenhagen",2174053
"815",2016,3,"Kopenhagen",2204781
"816",2017,3,"Kopenhagen",2144291
"817",2018,3,"Kopenhagen",2328518
"818",2019,3,"Kopenhagen",2561439
"819",2020,3,"Kopenhagen",920692
"820",2021,3,"Kopenhagen",1692533
"821",2022,3,"Kopenhagen",2949201
"822",2023,3,"Kopenhagen",3120643
"823",1998,4,"Kopenhagen",668489
"824",1999,4,"Kopenhagen",672783
"825",2000,4,"Kopenhagen",775660
"826",2001,4,"Kopenhagen",734759
"827",2002,4,"Kopenhagen",813924
"828",2003,4,"Kopenhagen",839221
"829",2004,4,"Kopenhagen",910741
"830",2005,4,"Kopenhagen",983419
"831",2006,4,"Kopenhagen",1033797
"832",2007,4,"Kopenhagen",1059817
"833",2008,4,"Kopenhagen",951616
"834",2009,4,"Kopenhagen",1049453
"835",2010,4,"Kopenhagen",1168897
"836",2011,4,"Kopenhagen",1224654
"837",2012,4,"Kopenhagen",1306920
"838",2013,4,"Kopenhagen",1413558
"839",2014,4,"Kopenhagen",1474141
"840",2015,4,"Kopenhagen",1602579
"841",2016,4,"Kopenhagen",1647016
"842",2017,4,"Kopenhagen",1624627
"843",2018,4,"Kopenhagen",1801028
"844",2019,4,"Kopenhagen",1933102
"845",2020,4,"Kopenhagen",498728
"846",2021,4,"Kopenhagen",1714063
"847",2022,4,"Kopenhagen",2153991
"848",2023,4,"Kopenhagen",2242565
"849",1998,1,"Köln",678149
"850",1999,1,"Köln",754279
"851",2000,1,"Köln",750429
"852",2001,1,"Köln",775535
"853",2002,1,"Köln",835627
"854",2003,1,"Köln",801704
"855",2004,1,"Köln",881389
"856",2005,1,"Köln",945764
"857",2006,1,"Köln",1000314
"858",2007,1,"Köln",1068190
"859",2008,1,"Köln",1028108
"860",2009,1,"Köln",981444
"861",2010,1,"Köln",989904
"862",2011,1,"Köln",1118124
"863",2012,1,"Köln",1180571
"864",2013,1,"Köln",1169960
"865",2014,1,"Köln",1227111
"866",2015,1,"Köln",1361353
"867",2016,1,"Köln",1288683
"868",2017,1,"Köln",1444383
"869",2018,1,"Köln",1440613
"870",2019,1,"Köln",1513234
"871",2020,1,"Köln",1142384
"872",2021,1,"Köln",202617
"873",2022,1,"Köln",799741
"874",2023,1,"Köln",1379368
"875",2024,1,"Köln",1525150
"876",1998,2,"Köln",652221
"877",1999,2,"Köln",714927
"878",2000,2,"Köln",768493
"879",2001,2,"Köln",749158
"880",2002,2,"Köln",740899
"881",2003,2,"Köln",817265
"882",2004,2,"Köln",903222
"883",2005,2,"Köln",1075018
"884",2006,2,"Köln",1121503
"885",2007,2,"Köln",1089293
"886",2008,2,"Köln",1106589
"887",2009,2,"Köln",981880
"888",2010,2,"Köln",1029749
"889",2011,2,"Köln",1230542
"890",2012,2,"Köln",1262975
"891",2013,2,"Köln",1237134
"892",2014,2,"Köln",1433073
"893",2015,2,"Köln",1510587
"894",2016,2,"Köln",1409130
"895",2017,2,"Köln",1602496
"896",2018,2,"Köln",1558036
"897",2019,2,"Köln",1628982
"898",2020,2,"Köln",242717
"899",2021,2,"Köln",329662
"900",2022,2,"Köln",1571163
"901",2023,2,"Köln",1766278
"902",2024,2,"Köln",1871308
"903",1998,3,"Köln",764413
"904",1999,3,"Köln",743696
"905",2000,3,"Köln",816987
"906",2001,3,"Köln",872884
"907",2002,3,"Köln",874832
"908",2003,3,"Köln",873032
"909",2004,3,"Köln",1001423
"910",2005,3,"Köln",1086583
"911",2006,3,"Köln",1115885
"912",2007,3,"Köln",1142149
"913",2008,3,"Köln",1092465
"914",2009,3,"Köln",1060745
"915",2010,3,"Köln",1257278
"916",2011,3,"Köln",1299180
"917",2012,3,"Köln",1350644
"918",2013,3,"Köln",1340381
"919",2014,3,"Köln",1560251
"920",2015,3,"Köln",1574382
"921",2016,3,"Köln",1520940
"922",2017,3,"Köln",1594300
"923",2018,3,"Köln",1669316
"924",2019,3,"Köln",1678377
"925",2020,3,"Köln",829446
"926",2021,3,"Köln",1045114
"927",2022,3,"Köln",1647372
"928",2023,3,"Köln",1705091
"929",1998,4,"Köln",714582
"930",1999,4,"Köln",746100
"931",2000,4,"Köln",729702
"932",2001,4,"Köln",860341
"933",2002,4,"Köln",850853
"934",2003,4,"Köln",935349
"935",2004,4,"Köln",1064050
"936",2005,4,"Köln",1104214
"937",2006,4,"Köln",1144726
"938",2007,4,"Köln",1180579
"939",2008,4,"Köln",1081539
"940",2009,4,"Köln",1109175
"941",2010,4,"Köln",1297518
"942",2011,4,"Köln",1322210
"943",2012,4,"Köln",1288437
"944",2013,4,"Köln",1329717
"945",2014,4,"Köln",1516541
"946",2015,4,"Köln",1538559
"947",2016,4,"Köln",1556137
"948",2017,4,"Köln",1602162
"949",2018,4,"Köln",1619712
"950",2019,4,"Köln",1758526
"951",2020,4,"Köln",342665
"952",2021,4,"Köln",1186557
"953",2022,4,"Köln",1593208
"954",2023,4,"Köln",1717175
"955",1998,1,"Helsinki",422977
"956",1999,1,"Helsinki",452179
"957",2000,1,"Helsinki",484559
"958",2001,1,"Helsinki",508903
"959",2002,1,"Helsinki",473743
"960",2003,1,"Helsinki",443801
"961",2004,1,"Helsinki",455413
"962",2005,1,"Helsinki",452755
"963",2006,1,"Helsinki",497975
"964",2007,1,"Helsinki",548895
"965",2008,1,"Helsinki",608944
"966",2009,1,"Helsinki",539997
"967",2010,1,"Helsinki",599523
"968",2011,1,"Helsinki",638716
"969",2012,1,"Helsinki",669182
"970",2013,1,"Helsinki",635313
"971",2014,1,"Helsinki",633115
"972",2015,1,"Helsinki",633064
"973",2016,1,"Helsinki",681095
"974",2017,1,"Helsinki",797394
"975",2018,1,"Helsinki",807593
"976",2019,1,"Helsinki",821987
"977",2020,1,"Helsinki",695158
"978",2021,1,"Helsinki",180795
"979",2022,1,"Helsinki",428534
"980",2023,1,"Helsinki",761257
"981",2024,1,"Helsinki",814853
"982",1998,2,"Helsinki",538704
"983",1999,2,"Helsinki",542547
"984",2000,2,"Helsinki",614261
"985",2001,2,"Helsinki",607835
"986",2002,2,"Helsinki",608349
"987",2003,2,"Helsinki",598247
"988",2004,2,"Helsinki",581857
"989",2005,2,"Helsinki",609112
"990",2006,2,"Helsinki",633653
"991",2007,2,"Helsinki",691824
"992",2008,2,"Helsinki",741226
"993",2009,2,"Helsinki",692104
"994",2010,2,"Helsinki",717928
"995",2011,2,"Helsinki",797753
"996",2012,2,"Helsinki",814889
"997",2013,2,"Helsinki",790623
"998",2014,2,"Helsinki",788986
"999",2015,2,"Helsinki",788125
"1000",2016,2,"Helsinki",868713
"1001",2017,2,"Helsinki",983130
"1002",2018,2,"Helsinki",972505
"1003",2019,2,"Helsinki",1028251
"1004",2020,2,"Helsinki",87724
"1005",2021,2,"Helsinki",274514
"1006",2022,2,"Helsinki",931642
"1007",2023,2,"Helsinki",979142
"1008",2024,2,"Helsinki",1083371
"1009",1998,3,"Helsinki",648937
"1010",1999,3,"Helsinki",683963
"1011",2000,3,"Helsinki",740440
"1012",2001,3,"Helsinki",743142
"1013",2002,3,"Helsinki",724769
"1014",2003,3,"Helsinki",742521
"1015",2004,3,"Helsinki",754010
"1016",2005,3,"Helsinki",750806
"1017",2006,3,"Helsinki",815060
"1018",2007,3,"Helsinki",883322
"1019",2008,3,"Helsinki",897804
"1020",2009,3,"Helsinki",854206
"1021",2010,3,"Helsinki",966615
"1022",2011,3,"Helsinki",1013380
"1023",2012,3,"Helsinki",997490
"1024",2013,3,"Helsinki",961481
"1025",2014,3,"Helsinki",955065
"1026",2015,3,"Helsinki",1063447
"1027",2016,3,"Helsinki",1084955
"1028",2017,3,"Helsinki",1213989
"1029",2018,3,"Helsinki",1175719
"1030",2019,3,"Helsinki",1281684
"1031",2020,3,"Helsinki",412843
"1032",2021,3,"Helsinki",749876
"1033",2022,3,"Helsinki",1237422
"1034",2023,3,"Helsinki",1268344
"1035",1998,4,"Helsinki",478337
"1036",1999,4,"Helsinki",515572
"1037",2000,4,"Helsinki",547521
"1038",2001,4,"Helsinki",513712
"1039",2002,4,"Helsinki",498406
"1040",2003,4,"Helsinki",512657
"1041",2004,4,"Helsinki",500568
"1042",2005,4,"Helsinki",552588
"1043",2006,4,"Helsinki",608263
"1044",2007,4,"Helsinki",649550
"1045",2008,4,"Helsinki",646313
"1046",2009,4,"Helsinki",643409
"1047",2010,4,"Helsinki",712098
"1048",2011,4,"Helsinki",732673
"1049",2012,4,"Helsinki",714489
"1050",2013,4,"Helsinki",701568
"1051",2014,4,"Helsinki",730544
"1052",2015,4,"Helsinki",796638
"1053",2016,4,"Helsinki",815216
"1054",2017,4,"Helsinki",942564
"1055",2018,4,"Helsinki",953710
"1056",2019,4,"Helsinki",1007216
"1057",2020,4,"Helsinki",253393
"1058",2021,4,"Helsinki",748673
"1059",2022,4,"Helsinki",929236
"1060",2023,4,"Helsinki",940882
"1061",1998,1,"Hannover",286640
"1062",1999,1,"Hannover",279984
"1063",2000,1,"Hannover",356101
"1064",2001,1,"Hannover",318529
"1065",2002,1,"Hannover",312074
"1066",2003,1,"Hannover",311265
"1067",2004,1,"Hannover",346844
"1068",2005,1,"Hannover",343239
"1069",2006,1,"Hannover",393503
"1070",2007,1,"Hannover",375991
"1071",2008,1,"Hannover",434267
"1072",2009,1,"Hannover",437581
"1073",2010,1,"Hannover",446216
"1074",2011,1,"Hannover",469555
"1075",2012,1,"Hannover",503616
"1076",2013,1,"Hannover",471947
"1077",2014,1,"Hannover",481240
"1078",2015,1,"Hannover",501028
"1079",2016,1,"Hannover",513115
"1080",2017,1,"Hannover",518662
"1081",2018,1,"Hannover",503509
"1082",2019,1,"Hannover",525476
"1083",2020,1,"Hannover",406308
"1084",2021,1,"Hannover",111693
"1085",2022,1,"Hannover",282451
"1086",2023,1,"Hannover",466102
"1087",2024,1,"Hannover",482400
"1088",1998,2,"Hannover",275822
"1089",1999,2,"Hannover",304701
"1090",2000,2,"Hannover",405353
"1091",2001,2,"Hannover",331738
"1092",2002,2,"Hannover",298132
"1093",2003,2,"Hannover",318601
"1094",2004,2,"Hannover",324890
"1095",2005,2,"Hannover",436199
"1096",2006,2,"Hannover",412414
"1097",2007,2,"Hannover",402412
"1098",2008,2,"Hannover",468504
"1099",2009,2,"Hannover",474812
"1100",2010,2,"Hannover",473466
"1101",2011,2,"Hannover",548153
"1102",2012,2,"Hannover",505437
"1103",2013,2,"Hannover",566311
"1104",2014,2,"Hannover",524889
"1105",2015,2,"Hannover",612894
"1106",2016,2,"Hannover",595771
"1107",2017,2,"Hannover",610558
"1108",2018,2,"Hannover",590186
"1109",2019,2,"Hannover",601494
"1110",2020,2,"Hannover",104290
"1111",2021,2,"Hannover",168571
"1112",2022,2,"Hannover",557472
"1113",2023,2,"Hannover",648992
"1114",2024,2,"Hannover",626472
"1115",1998,3,"Hannover",290692
"1116",1999,3,"Hannover",259270
"1117",2000,3,"Hannover",772602
"1118",2001,3,"Hannover",302870
"1119",2002,3,"Hannover",304423
"1120",2003,3,"Hannover",284253
"1121",2004,3,"Hannover",326386
"1122",2005,3,"Hannover",358982
"1123",2006,3,"Hannover",388197
"1124",2007,3,"Hannover",394756
"1125",2008,3,"Hannover",475146
"1126",2009,3,"Hannover",443459
"1127",2010,3,"Hannover",503667
"1128",2011,3,"Hannover",558142
"1129",2012,3,"Hannover",549674
"1130",2013,3,"Hannover",534534
"1131",2014,3,"Hannover",532017
"1132",2015,3,"Hannover",558331
"1133",2016,3,"Hannover",574059
"1134",2017,3,"Hannover",588755
"1135",2018,3,"Hannover",598113
"1136",2019,3,"Hannover",625380
"1137",2020,3,"Hannover",304262
"1138",2021,3,"Hannover",420159
"1139",2022,3,"Hannover",642795
"1140",2023,3,"Hannover",654741
"1141",1998,4,"Hannover",281592
"1142",1999,4,"Hannover",285728
"1143",2000,4,"Hannover",496888
"1144",2001,4,"Hannover",295245
"1145",2002,4,"Hannover",305375
"1146",2003,4,"Hannover",347135
"1147",2004,4,"Hannover",337587
"1148",2005,4,"Hannover",371024
"1149",2006,4,"Hannover",370672
"1150",2007,4,"Hannover",458792
"1151",2008,4,"Hannover",477754
"1152",2009,4,"Hannover",454441
"1153",2010,4,"Hannover",501747
"1154",2011,4,"Hannover",527223
"1155",2012,4,"Hannover",526969
"1156",2013,4,"Hannover",509032
"1157",2014,4,"Hannover",544196
"1158",2015,4,"Hannover",560029
"1159",2016,4,"Hannover",557401
"1160",2017,4,"Hannover",562040
"1161",2018,4,"Hannover",558437
"1162",2019,4,"Hannover",586408
"1163",2020,4,"Hannover",184794
"1164",2021,4,"Hannover",361615
"1165",2022,4,"Hannover",549158
"1166",2023,4,"Hannover",589519
"1167",1998,1,"Hamburg",949523
"1168",1999,1,"Hamburg",967807
"1169",2000,1,"Hamburg",1022571
"1170",2001,1,"Hamburg",1061794
"1171",2002,1,"Hamburg",1070819
"1172",2003,1,"Hamburg",1123521
"1173",2004,1,"Hamburg",1196726
"1174",2005,1,"Hamburg",1260240
"1175",2006,1,"Hamburg",1416277
"1176",2007,1,"Hamburg",1531701
"1177",2008,1,"Hamburg",1611238
"1178",2009,1,"Hamburg",1587987
"1179",2010,1,"Hamburg",1703769
"1180",2011,1,"Hamburg",1839896
"1181",2012,1,"Hamburg",2050032
"1182",2013,1,"Hamburg",2211750
"1183",2014,1,"Hamburg",2280532
"1184",2015,1,"Hamburg",2471553
"1185",2016,1,"Hamburg",2719822
"1186",2017,1,"Hamburg",2718702
"1187",2018,1,"Hamburg",2932819
"1188",2019,1,"Hamburg",2981863
"1189",2020,1,"Hamburg",2467261
"1190",2021,1,"Hamburg",478992
"1191",2022,1,"Hamburg",2049072
"1192",2023,1,"Hamburg",3159965
"1193",2024,1,"Hamburg",3323131
"1194",1998,2,"Hamburg",1211670
"1195",1999,2,"Hamburg",1235894
"1196",2000,2,"Hamburg",1301584
"1197",2001,2,"Hamburg",1304148
"1198",2002,2,"Hamburg",1397721
"1199",2003,2,"Hamburg",1472565
"1200",2004,2,"Hamburg",1598870
"1201",2005,2,"Hamburg",1685649
"1202",2006,2,"Hamburg",1902825
"1203",2007,2,"Hamburg",1970344
"1204",2008,2,"Hamburg",2042073
"1205",2009,2,"Hamburg",2160384
"1206",2010,2,"Hamburg",2379864
"1207",2011,2,"Hamburg",2617800
"1208",2012,2,"Hamburg",2841221
"1209",2013,2,"Hamburg",3128971
"1210",2014,2,"Hamburg",3244552
"1211",2015,2,"Hamburg",3377839
"1212",2016,2,"Hamburg",3465242
"1213",2017,2,"Hamburg",3776348
"1214",2018,2,"Hamburg",3861835
"1215",2019,2,"Hamburg",4187563
"1216",2020,2,"Hamburg",729382
"1217",2021,2,"Hamburg",834814
"1218",2022,2,"Hamburg",4309219
"1219",2023,2,"Hamburg",4410531
"1220",2024,2,"Hamburg",4213761
"1221",1998,3,"Hamburg",1267435
"1222",1999,3,"Hamburg",1323710
"1223",2000,3,"Hamburg",1396485
"1224",2001,3,"Hamburg",1308211
"1225",2002,3,"Hamburg",1424103
"1226",2003,3,"Hamburg",1535719
"1227",2004,3,"Hamburg",1677176
"1228",2005,3,"Hamburg",1866683
"1229",2006,3,"Hamburg",2090702
"1230",2007,3,"Hamburg",2131684
"1231",2008,3,"Hamburg",2213616
"1232",2009,3,"Hamburg",2443938
"1233",2010,3,"Hamburg",2651952
"1234",2011,3,"Hamburg",2781266
"1235",2012,3,"Hamburg",3133677
"1236",2013,3,"Hamburg",3494430
"1237",2014,3,"Hamburg",3502838
"1238",2015,3,"Hamburg",3699423
"1239",2016,3,"Hamburg",3806485
"1240",2017,3,"Hamburg",3970769
"1241",2018,3,"Hamburg",4178306
"1242",2019,3,"Hamburg",4413654
"1243",2020,3,"Hamburg",2697465
"1244",2021,3,"Hamburg",3385486
"1245",2022,3,"Hamburg",4584990
"1246",2023,3,"Hamburg",4498405
"1247",1998,4,"Hamburg",1113059
"1248",1999,4,"Hamburg",1160596
"1249",2000,4,"Hamburg",1221972
"1250",2001,4,"Hamburg",1137287
"1251",2002,4,"Hamburg",1256531
"1252",2003,4,"Hamburg",1313154
"1253",2004,4,"Hamburg",1472447
"1254",2005,4,"Hamburg",1622534
"1255",2006,4,"Hamburg",1767523
"1256",2007,4,"Hamburg",1768694
"1257",2008,4,"Hamburg",1860694
"1258",2009,4,"Hamburg",1997836
"1259",2010,4,"Hamburg",2211050
"1260",2011,4,"Hamburg",2290333
"1261",2012,4,"Hamburg",2609082
"1262",2013,4,"Hamburg",2767984
"1263",2014,4,"Hamburg",2980232
"1264",2015,4,"Hamburg",3090480
"1265",2016,4,"Hamburg",3339452
"1266",2017,4,"Hamburg",3356518
"1267",2018,4,"Hamburg",3556589
"1268",2019,4,"Hamburg",3844326
"1269",2020,4,"Hamburg",984505
"1270",2021,4,"Hamburg",2859908
"1271",2022,4,"Hamburg",3767549
"1272",2023,4,"Hamburg",3873679
"1273",1998,1,"Essen",204797
"1274",1999,1,"Essen",196380
"1275",2000,1,"Essen",213332
"1276",2001,1,"Essen",232504
"1277",2002,1,"Essen",233479
"1278",2003,1,"Essen",219779
"1279",2004,1,"Essen",226674
"1280",2005,1,"Essen",226398
"1281",2006,1,"Essen",223760
"1282",2007,1,"Essen",243466
"1283",2008,1,"Essen",256963
"1284",2009,1,"Essen",250940
"1285",2010,1,"Essen",260055
"1286",2011,1,"Essen",311505
"1287",2012,1,"Essen",326982
"1288",2013,1,"Essen",312559
"1289",2014,1,"Essen",343602
"1290",2015,1,"Essen",331532
"1291",2016,1,"Essen",305232
"1292",2017,1,"Essen",335870
"1293",2018,1,"Essen",363120
"1294",2019,1,"Essen",381026
"1295",2020,1,"Essen",291476
"1296",2021,1,"Essen",90996
"1297",2022,1,"Essen",213977
"1298",2023,1,"Essen",357995
"1299",2024,1,"Essen",377084
"1300",1998,2,"Essen",195871
"1301",1999,2,"Essen",208870
"1302",2000,2,"Essen",253003
"1303",2001,2,"Essen",239097
"1304",2002,2,"Essen",250475
"1305",2003,2,"Essen",233185
"1306",2004,2,"Essen",259748
"1307",2005,2,"Essen",251885
"1308",2006,2,"Essen",269645
"1309",2007,2,"Essen",243792
"1310",2008,2,"Essen",293186
"1311",2009,2,"Essen",272921
"1312",2010,2,"Essen",362796
"1313",2011,2,"Essen",340562
"1314",2012,2,"Essen",365562
"1315",2013,2,"Essen",341988
"1316",2014,2,"Essen",356771
"1317",2015,2,"Essen",347644
"1318",2016,2,"Essen",363560
"1319",2017,2,"Essen",369498
"1320",2018,2,"Essen",394317
"1321",2019,2,"Essen",418913
"1322",2020,2,"Essen",98807
"1323",2021,2,"Essen",129013
"1324",2022,2,"Essen",393011
"1325",2023,2,"Essen",477871
"1326",2024,2,"Essen",511374
"1327",1998,3,"Essen",193634
"1328",1999,3,"Essen",197073
"1329",2000,3,"Essen",215045
"1330",2001,3,"Essen",231306
"1331",2002,3,"Essen",228133
"1332",2003,3,"Essen",196938
"1333",2004,3,"Essen",222236
"1334",2005,3,"Essen",236885
"1335",2006,3,"Essen",236629
"1336",2007,3,"Essen",243815
"1337",2008,3,"Essen",250680
"1338",2009,3,"Essen",266099
"1339",2010,3,"Essen",370892
"1340",2011,3,"Essen",312453
"1341",2012,3,"Essen",338685
"1342",2013,3,"Essen",341438
"1343",2014,3,"Essen",337345
"1344",2015,3,"Essen",351038
"1345",2016,3,"Essen",335863
"1346",2017,3,"Essen",367723
"1347",2018,3,"Essen",409105
"1348",2019,3,"Essen",406599
"1349",2020,3,"Essen",225543
"1350",2021,3,"Essen",280537
"1351",2022,3,"Essen",452211
"1352",2023,3,"Essen",455662
"1353",1998,4,"Essen",211619
"1354",1999,4,"Essen",224933
"1355",2000,4,"Essen",229173
"1356",2001,4,"Essen",255322
"1357",2002,4,"Essen",252624
"1358",2003,4,"Essen",241601
"1359",2004,4,"Essen",261718
"1360",2005,4,"Essen",251067
"1361",2006,4,"Essen",259027
"1362",2007,4,"Essen",276587
"1363",2008,4,"Essen",277470
"1364",2009,4,"Essen",277865
"1365",2010,4,"Essen",363994
"1366",2011,4,"Essen",337991
"1367",2012,4,"Essen",344936
"1368",2013,4,"Essen",390481
"1369",2014,4,"Essen",371487
"1370",2015,4,"Essen",378665
"1371",2016,4,"Essen",379279
"1372",2017,4,"Essen",407013
"1373",2018,4,"Essen",435480
"1374",2019,4,"Essen",459279
"1375",2020,4,"Essen",116936
"1376",2021,4,"Essen",291223
"1377",2022,4,"Essen",427967
"1378",2023,4,"Essen",468569
"1379",1998,1,"Düsseldorf",592767
"1380",1999,1,"Düsseldorf",616899
"1381",2000,1,"Düsseldorf",598160
"1382",2001,1,"Düsseldorf",626291
"1383",2002,1,"Düsseldorf",659679
"1384",2003,1,"Düsseldorf",601517
"1385",2004,1,"Düsseldorf",635565
"1386",2005,1,"Düsseldorf",659105
"1387",2006,1,"Düsseldorf",710595
"1388",2007,1,"Düsseldorf",743118
"1389",2008,1,"Düsseldorf",845213
"1390",2009,1,"Düsseldorf",809472
"1391",2010,1,"Düsseldorf",871709
"1392",2011,1,"Düsseldorf",971309
"1393",2012,1,"Düsseldorf",1008204
"1394",2013,1,"Düsseldorf",1003539
"1395",2014,1,"Düsseldorf",1073608
"1396",2015,1,"Düsseldorf",1061763
"1397",2016,1,"Düsseldorf",1028551
"1398",2017,1,"Düsseldorf",1155243
"1399",2018,1,"Düsseldorf",1174819
"1400",2019,1,"Düsseldorf",1209751
"1401",2020,1,"Düsseldorf",925669
"1402",2021,1,"Düsseldorf",163127
"1403",2022,1,"Düsseldorf",524863
"1404",2023,1,"Düsseldorf",1151174
"1405",2024,1,"Düsseldorf",1219017
"1406",1998,2,"Düsseldorf",553319
"1407",1999,2,"Düsseldorf",565885
"1408",2000,2,"Düsseldorf",655004
"1409",2001,2,"Düsseldorf",533527
"1410",2002,2,"Düsseldorf",607791
"1411",2003,2,"Düsseldorf",519593
"1412",2004,2,"Düsseldorf",627263
"1413",2005,2,"Düsseldorf",637046
"1414",2006,2,"Düsseldorf",719142
"1415",2007,2,"Düsseldorf",670718
"1416",2008,2,"Düsseldorf",881243
"1417",2009,2,"Düsseldorf",707743
"1418",2010,2,"Düsseldorf",795262
"1419",2011,2,"Düsseldorf",931655
"1420",2012,2,"Düsseldorf",1007047
"1421",2013,2,"Düsseldorf",987595
"1422",2014,2,"Düsseldorf",1124796
"1423",2015,2,"Düsseldorf",1073494
"1424",2016,2,"Düsseldorf",1180094
"1425",2017,2,"Düsseldorf",1194272
"1426",2018,2,"Düsseldorf",1194000
"1427",2019,2,"Düsseldorf",1219729
"1428",2020,2,"Düsseldorf",147239
"1429",2021,2,"Düsseldorf",244835
"1430",2022,2,"Düsseldorf",1184132
"1431",2023,2,"Düsseldorf",1402228
"1432",2024,2,"Düsseldorf",1469804
"1433",1998,3,"Düsseldorf",578700
"1434",1999,3,"Düsseldorf",530433
"1435",2000,3,"Düsseldorf",592127
"1436",2001,3,"Düsseldorf",608752
"1437",2002,3,"Düsseldorf",581649
"1438",2003,3,"Düsseldorf",548769
"1439",2004,3,"Düsseldorf",597670
"1440",2005,3,"Düsseldorf",678958
"1441",2006,3,"Düsseldorf",737189
"1442",2007,3,"Düsseldorf",763761
"1443",2008,3,"Düsseldorf",798065
"1444",2009,3,"Düsseldorf",795130
"1445",2010,3,"Düsseldorf",916011
"1446",2011,3,"Düsseldorf",940190
"1447",2012,3,"Düsseldorf",991587
"1448",2013,3,"Düsseldorf",1094678
"1449",2014,3,"Düsseldorf",1132873
"1450",2015,3,"Düsseldorf",1119889
"1451",2016,3,"Düsseldorf",1180259
"1452",2017,3,"Düsseldorf",1234147
"1453",2018,3,"Düsseldorf",1304739
"1454",2019,3,"Düsseldorf",1248576
"1455",2020,3,"Düsseldorf",515758
"1456",2021,3,"Düsseldorf",730255
"1457",2022,3,"Düsseldorf",1261594
"1458",2023,3,"Düsseldorf",1406986
"1459",1998,4,"Düsseldorf",589655
"1460",1999,4,"Düsseldorf",579936
"1461",2000,4,"Düsseldorf",578552
"1462",2001,4,"Düsseldorf",620447
"1463",2002,4,"Düsseldorf",610496
"1464",2003,4,"Düsseldorf",626249
"1465",2004,4,"Düsseldorf",673471
"1466",2005,4,"Düsseldorf",712653
"1467",2006,4,"Düsseldorf",735424
"1468",2007,4,"Düsseldorf",868012
"1469",2008,4,"Düsseldorf",835825
"1470",2009,4,"Düsseldorf",907614
"1471",2010,4,"Düsseldorf",1004606
"1472",2011,4,"Düsseldorf",1000249
"1473",2012,4,"Düsseldorf",1048762
"1474",2013,4,"Düsseldorf",1158921
"1475",2014,4,"Düsseldorf",1161274
"1476",2015,4,"Düsseldorf",1148814
"1477",2016,4,"Düsseldorf",1215771
"1478",2017,4,"Düsseldorf",1233917
"1479",2018,4,"Düsseldorf",1314534
"1480",2019,4,"Düsseldorf",1323298
"1481",2020,4,"Düsseldorf",237087
"1482",2021,4,"Düsseldorf",803851
"1483",2022,4,"Düsseldorf",1297331
"1484",2023,4,"Düsseldorf",1452137
"1485",1998,1,"Duisburg",62342
"1486",1999,1,"Duisburg",73463
"1487",2000,1,"Duisburg",68498
"1488",2001,1,"Duisburg",74380
"1489",2002,1,"Duisburg",75079
"1490",2003,1,"Duisburg",68382
"1491",2004,1,"Duisburg",74191
"1492",2005,1,"Duisburg",71720
"1493",2006,1,"Duisburg",71885
"1494",2007,1,"Duisburg",74390
"1495",2008,1,"Duisburg",83571
"1496",2009,1,"Duisburg",73767
"1497",2010,1,"Duisburg",86603
"1498",2011,1,"Duisburg",79288
"1499",2012,1,"Duisburg",83839
"1500",2013,1,"Duisburg",89523
"1501",2014,1,"Duisburg",96561
"1502",2015,1,"Duisburg",95540
"1503",2016,1,"Duisburg",106106
"1504",2017,1,"Duisburg",112322
"1505",2018,1,"Duisburg",131186
"1506",2019,1,"Duisburg",121150
"1507",2020,1,"Duisburg",101836
"1508",2021,1,"Duisburg",33064
"1509",2022,1,"Duisburg",82004
"1510",2023,1,"Duisburg",122557
"1511",2024,1,"Duisburg",116963
"1512",1998,2,"Duisburg",78161
"1513",1999,2,"Duisburg",85125
"1514",2000,2,"Duisburg",86568
"1515",2001,2,"Duisburg",82135
"1516",2002,2,"Duisburg",87027
"1517",2003,2,"Duisburg",82806
"1518",2004,2,"Duisburg",93792
"1519",2005,2,"Duisburg",88544
"1520",2006,2,"Duisburg",97827
"1521",2007,2,"Duisburg",87650
"1522",2008,2,"Duisburg",97606
"1523",2009,2,"Duisburg",90470
"1524",2010,2,"Duisburg",110864
"1525",2011,2,"Duisburg",106519
"1526",2012,2,"Duisburg",102918
"1527",2013,2,"Duisburg",103904
"1528",2014,2,"Duisburg",122498
"1529",2015,2,"Duisburg",121738
"1530",2016,2,"Duisburg",141173
"1531",2017,2,"Duisburg",145874
"1532",2018,2,"Duisburg",147199
"1533",2019,2,"Duisburg",151826
"1534",2020,2,"Duisburg",37894
"1535",2021,2,"Duisburg",51993
"1536",2022,2,"Duisburg",144846
"1537",2023,2,"Duisburg",168118
"1538",2024,2,"Duisburg",158631
"1539",1998,3,"Duisburg",76544
"1540",1999,3,"Duisburg",88359
"1541",2000,3,"Duisburg",83670
"1542",2001,3,"Duisburg",93192
"1543",2002,3,"Duisburg",79434
"1544",2003,3,"Duisburg",78969
"1545",2004,3,"Duisburg",87039
"1546",2005,3,"Duisburg",95936
"1547",2006,3,"Duisburg",91443
"1548",2007,3,"Duisburg",95916
"1549",2008,3,"Duisburg",101365
"1550",2009,3,"Duisburg",94299
"1551",2010,3,"Duisburg",111975
"1552",2011,3,"Duisburg",111032
"1553",2012,3,"Duisburg",102864
"1554",2013,3,"Duisburg",116568
"1555",2014,3,"Duisburg",125988
"1556",2015,3,"Duisburg",121523
"1557",2016,3,"Duisburg",136928
"1558",2017,3,"Duisburg",151233
"1559",2018,3,"Duisburg",142891
"1560",2019,3,"Duisburg",148973
"1561",2020,3,"Duisburg",95190
"1562",2021,3,"Duisburg",105362
"1563",2022,3,"Duisburg",167125
"1564",2023,3,"Duisburg",164993
"1565",1998,4,"Duisburg",81839
"1566",1999,4,"Duisburg",84466
"1567",2000,4,"Duisburg",83561
"1568",2001,4,"Duisburg",87387
"1569",2002,4,"Duisburg",78959
"1570",2003,4,"Duisburg",79842
"1571",2004,4,"Duisburg",88133
"1572",2005,4,"Duisburg",82840
"1573",2006,4,"Duisburg",82137
"1574",2007,4,"Duisburg",90792
"1575",2008,4,"Duisburg",90289
"1576",2009,4,"Duisburg",103025
"1577",2010,4,"Duisburg",99445
"1578",2011,4,"Duisburg",105349
"1579",2012,4,"Duisburg",96546
"1580",2013,4,"Duisburg",120057
"1581",2014,4,"Duisburg",114045
"1582",2015,4,"Duisburg",118867
"1583",2016,4,"Duisburg",132023
"1584",2017,4,"Duisburg",140375
"1585",2018,4,"Duisburg",143194
"1586",2019,4,"Duisburg",148985
"1587",2020,4,"Duisburg",53453
"1588",2021,4,"Duisburg",103413
"1589",2022,4,"Duisburg",146745
"1590",2023,4,"Duisburg",142964
"1591",1998,1,"Dortmund",153687
"1592",1999,1,"Dortmund",155505
"1593",2000,1,"Dortmund",156555
"1594",2001,1,"Dortmund",140548
"1595",2002,1,"Dortmund",147080
"1596",2003,1,"Dortmund",154576
"1597",2004,1,"Dortmund",182943
"1598",2005,1,"Dortmund",163459
"1599",2006,1,"Dortmund",177673
"1600",2007,1,"Dortmund",196738
"1601",2008,1,"Dortmund",193433
"1602",2009,1,"Dortmund",188314
"1603",2010,1,"Dortmund",201490
"1604",2011,1,"Dortmund",221518
"1605",2012,1,"Dortmund",258838
"1606",2013,1,"Dortmund",238075
"1607",2014,1,"Dortmund",255114
"1608",2015,1,"Dortmund",258434
"1609",2016,1,"Dortmund",285152
"1610",2017,1,"Dortmund",308224
"1611",2018,1,"Dortmund",317562
"1612",2019,1,"Dortmund",340000
"1613",2020,1,"Dortmund",273311
"1614",2021,1,"Dortmund",79480
"1615",2022,1,"Dortmund",177650
"1616",2023,1,"Dortmund",322655
"1617",2024,1,"Dortmund",341581
"1618",1998,2,"Dortmund",142726
"1619",1999,2,"Dortmund",161530
"1620",2000,2,"Dortmund",154632
"1621",2001,2,"Dortmund",138005
"1622",2002,2,"Dortmund",150878
"1623",2003,2,"Dortmund",157572
"1624",2004,2,"Dortmund",171175
"1625",2005,2,"Dortmund",180509
"1626",2006,2,"Dortmund",210170
"1627",2007,2,"Dortmund",199861
"1628",2008,2,"Dortmund",209559
"1629",2009,2,"Dortmund",173682
"1630",2010,2,"Dortmund",215944
"1631",2011,2,"Dortmund",221849
"1632",2012,2,"Dortmund",253856
"1633",2013,2,"Dortmund",245633
"1634",2014,2,"Dortmund",277962
"1635",2015,2,"Dortmund",269969
"1636",2016,2,"Dortmund",309467
"1637",2017,2,"Dortmund",326409
"1638",2018,2,"Dortmund",327407
"1639",2019,2,"Dortmund",354704
"1640",2020,2,"Dortmund",89185
"1641",2021,2,"Dortmund",111523
"1642",2022,2,"Dortmund",311439
"1643",2023,2,"Dortmund",390453
"1644",2024,2,"Dortmund",412982
"1645",1998,3,"Dortmund",145436
"1646",1999,3,"Dortmund",148381
"1647",2000,3,"Dortmund",142871
"1648",2001,3,"Dortmund",149795
"1649",2002,3,"Dortmund",148349
"1650",2003,3,"Dortmund",172933
"1651",2004,3,"Dortmund",160513
"1652",2005,3,"Dortmund",169596
"1653",2006,3,"Dortmund",188816
"1654",2007,3,"Dortmund",193078
"1655",2008,3,"Dortmund",190710
"1656",2009,3,"Dortmund",187498
"1657",2010,3,"Dortmund",208309
"1658",2011,3,"Dortmund",225573
"1659",2012,3,"Dortmund",233066
"1660",2013,3,"Dortmund",253249
"1661",2014,3,"Dortmund",260114
"1662",2015,3,"Dortmund",280275
"1663",2016,3,"Dortmund",293106
"1664",2017,3,"Dortmund",300573
"1665",2018,3,"Dortmund",338656
"1666",2019,3,"Dortmund",365198
"1667",2020,3,"Dortmund",194912
"1668",2021,3,"Dortmund",230232
"1669",2022,3,"Dortmund",343172
"1670",2023,3,"Dortmund",384649
"1671",1998,4,"Dortmund",167181
"1672",1999,4,"Dortmund",158714
"1673",2000,4,"Dortmund",142962
"1674",2001,4,"Dortmund",162542
"1675",2002,4,"Dortmund",173065
"1676",2003,4,"Dortmund",187050
"1677",2004,4,"Dortmund",196514
"1678",2005,4,"Dortmund",182040
"1679",2006,4,"Dortmund",196615
"1680",2007,4,"Dortmund",218884
"1681",2008,4,"Dortmund",207379
"1682",2009,4,"Dortmund",199782
"1683",2010,4,"Dortmund",235882
"1684",2011,4,"Dortmund",262449
"1685",2012,4,"Dortmund",253379
"1686",2013,4,"Dortmund",291983
"1687",2014,4,"Dortmund",278437
"1688",2015,4,"Dortmund",325954
"1689",2016,4,"Dortmund",326803
"1690",2017,4,"Dortmund",318340
"1691",2018,4,"Dortmund",369223
"1692",2019,4,"Dortmund",380961
"1693",2020,4,"Dortmund",115653
"1694",2021,4,"Dortmund",254135
"1695",2022,4,"Dortmund",357505
"1696",2023,4,"Dortmund",400142
"1697",1998,1,"Bremerhaven",35461
"1698",1999,1,"Bremerhaven",42184
"1699",2000,1,"Bremerhaven",35870
"1700",2001,1,"Bremerhaven",35393
"1701",2002,1,"Bremerhaven",33563
"1702",2003,1,"Bremerhaven",30431
"1703",2004,1,"Bremerhaven",33255
"1704",2005,1,"Bremerhaven",38735
"1705",2006,1,"Bremerhaven",35474
"1706",2007,1,"Bremerhaven",37970
"1707",2008,1,"Bremerhaven",49487
"1708",2009,1,"Bremerhaven",51047
"1709",2010,1,"Bremerhaven",58812
"1710",2011,1,"Bremerhaven",64502
"1711",2012,1,"Bremerhaven",65734
"1712",2013,1,"Bremerhaven",64260
"1713",2014,1,"Bremerhaven",66639
"1714",2015,1,"Bremerhaven",68868
"1715",2016,1,"Bremerhaven",75572
"1716",2017,1,"Bremerhaven",72881
"1717",2018,1,"Bremerhaven",79283
"1718",2019,1,"Bremerhaven",85742
"1719",2020,1,"Bremerhaven",63581
"1720",2021,1,"Bremerhaven",26892
"1721",2022,1,"Bremerhaven",62079
"1722",2023,1,"Bremerhaven",85166
"1723",2024,1,"Bremerhaven",82298
"1724",1998,2,"Bremerhaven",51528
"1725",1999,2,"Bremerhaven",57172
"1726",2000,2,"Bremerhaven",56993
"1727",2001,2,"Bremerhaven",60029
"1728",2002,2,"Bremerhaven",64733
"1729",2003,2,"Bremerhaven",56491
"1730",2004,2,"Bremerhaven",58404
"1731",2005,2,"Bremerhaven",63893
"1732",2006,2,"Bremerhaven",64502
"1733",2007,2,"Bremerhaven",61943
"1734",2008,2,"Bremerhaven",78597
"1735",2009,2,"Bremerhaven",83626
"1736",2010,2,"Bremerhaven",99822
"1737",2011,2,"Bremerhaven",106758
"1738",2012,2,"Bremerhaven",102577
"1739",2013,2,"Bremerhaven",96258
"1740",2014,2,"Bremerhaven",105620
"1741",2015,2,"Bremerhaven",104859
"1742",2016,2,"Bremerhaven",115433
"1743",2017,2,"Bremerhaven",115434
"1744",2018,2,"Bremerhaven",125857
"1745",2019,2,"Bremerhaven",129659
"1746",2020,2,"Bremerhaven",43442
"1747",2021,2,"Bremerhaven",52223
"1748",2022,2,"Bremerhaven",117966
"1749",2023,2,"Bremerhaven",127358
"1750",2024,2,"Bremerhaven",118194
"1751",1998,3,"Bremerhaven",52346
"1752",1999,3,"Bremerhaven",61734
"1753",2000,3,"Bremerhaven",59864
"1754",2001,3,"Bremerhaven",63939
"1755",2002,3,"Bremerhaven",62424
"1756",2003,3,"Bremerhaven",61969
"1757",2004,3,"Bremerhaven",68219
"1758",2005,3,"Bremerhaven",66682
"1759",2006,3,"Bremerhaven",67335
"1760",2007,3,"Bremerhaven",70756
"1761",2008,3,"Bremerhaven",95337
"1762",2009,3,"Bremerhaven",95229
"1763",2010,3,"Bremerhaven",110184
"1764",2011,3,"Bremerhaven",116467
"1765",2012,3,"Bremerhaven",112896
"1766",2013,3,"Bremerhaven",111023
"1767",2014,3,"Bremerhaven",115215
"1768",2015,3,"Bremerhaven",118560
"1769",2016,3,"Bremerhaven",124335
"1770",2017,3,"Bremerhaven",129993
"1771",2018,3,"Bremerhaven",148117
"1772",2019,3,"Bremerhaven",147682
"1773",2020,3,"Bremerhaven",124860
"1774",2021,3,"Bremerhaven",153238
"1775",2022,3,"Bremerhaven",136857
"1776",2023,3,"Bremerhaven",138437
"1777",1998,4,"Bremerhaven",38530
"1778",1999,4,"Bremerhaven",48821
"1779",2000,4,"Bremerhaven",41881
"1780",2001,4,"Bremerhaven",44530
"1781",2002,4,"Bremerhaven",40917
"1782",2003,4,"Bremerhaven",41383
"1783",2004,4,"Bremerhaven",45209
"1784",2005,4,"Bremerhaven",41033
"1785",2006,4,"Bremerhaven",43447
"1786",2007,4,"Bremerhaven",48461
"1787",2008,4,"Bremerhaven",64104
"1788",2009,4,"Bremerhaven",69784
"1789",2010,4,"Bremerhaven",88411
"1790",2011,4,"Bremerhaven",88157
"1791",2012,4,"Bremerhaven",78416
"1792",2013,4,"Bremerhaven",80869
"1793",2014,4,"Bremerhaven",87564
"1794",2015,4,"Bremerhaven",88778
"1795",2016,4,"Bremerhaven",82211
"1796",2017,4,"Bremerhaven",90061
"1797",2018,4,"Bremerhaven",96163
"1798",2019,4,"Bremerhaven",102807
"1799",2020,4,"Bremerhaven",48790
"1800",2021,4,"Bremerhaven",90957
"1801",2022,4,"Bremerhaven",90295
"1802",2023,4,"Bremerhaven",96180
"1803",1998,1,"Bremen",210695
"1804",1999,1,"Bremen",220580
"1805",2000,1,"Bremen",263016
"1806",2001,1,"Bremen",250446
"1807",2002,1,"Bremen",226437
"1808",2003,1,"Bremen",235666
"1809",2004,1,"Bremen",259050
"1810",2005,1,"Bremen",235202
"1811",2006,1,"Bremen",257777
"1812",2007,1,"Bremen",274252
"1813",2008,1,"Bremen",291299
"1814",2009,1,"Bremen",266272
"1815",2010,1,"Bremen",284213
"1816",2011,1,"Bremen",307712
"1817",2012,1,"Bremen",326146
"1818",2013,1,"Bremen",331717
"1819",2014,1,"Bremen",392251
"1820",2015,1,"Bremen",408614
"1821",2016,1,"Bremen",422415
"1822",2017,1,"Bremen",407371
"1823",2018,1,"Bremen",436840
"1824",2019,1,"Bremen",466429
"1825",2020,1,"Bremen",407636
"1826",2021,1,"Bremen",148371
"1827",2022,1,"Bremen",291673
"1828",2023,1,"Bremen",469758
"1829",2024,1,"Bremen",494586
"1830",1998,2,"Bremen",266000
"1831",1999,2,"Bremen",270324
"1832",2000,2,"Bremen",300913
"1833",2001,2,"Bremen",300436
"1834",2002,2,"Bremen",282702
"1835",2003,2,"Bremen",290824
"1836",2004,2,"Bremen",310355
"1837",2005,2,"Bremen",300695
"1838",2006,2,"Bremen",347319
"1839",2007,2,"Bremen",338771
"1840",2008,2,"Bremen",353602
"1841",2009,2,"Bremen",358970
"1842",2010,2,"Bremen",375100
"1843",2011,2,"Bremen",413373
"1844",2012,2,"Bremen",398315
"1845",2013,2,"Bremen",444955
"1846",2014,2,"Bremen",474559
"1847",2015,2,"Bremen",514443
"1848",2016,2,"Bremen",520918
"1849",2017,2,"Bremen",529878
"1850",2018,2,"Bremen",554351
"1851",2019,2,"Bremen",604768
"1852",2020,2,"Bremen",162159
"1853",2021,2,"Bremen",208587
"1854",2022,2,"Bremen",589114
"1855",2023,2,"Bremen",618002
"1856",2024,2,"Bremen",643005
"1857",1998,3,"Bremen",272623
"1858",1999,3,"Bremen",293432
"1859",2000,3,"Bremen",315797
"1860",2001,3,"Bremen",297513
"1861",2002,3,"Bremen",301422
"1862",2003,3,"Bremen",297720
"1863",2004,3,"Bremen",347216
"1864",2005,3,"Bremen",322841
"1865",2006,3,"Bremen",332833
"1866",2007,3,"Bremen",346516
"1867",2008,3,"Bremen",367117
"1868",2009,3,"Bremen",361783
"1869",2010,3,"Bremen",399725
"1870",2011,3,"Bremen",422344
"1871",2012,3,"Bremen",415323
"1872",2013,3,"Bremen",467402
"1873",2014,3,"Bremen",513298
"1874",2015,3,"Bremen",542281
"1875",2016,3,"Bremen",541195
"1876",2017,3,"Bremen",561699
"1877",2018,3,"Bremen",580254
"1878",2019,3,"Bremen",648921
"1879",2020,3,"Bremen",431503
"1880",2021,3,"Bremen",526374
"1881",2022,3,"Bremen",682762
"1882",2023,3,"Bremen",676492
"1883",1998,4,"Bremen",246768
"1884",1999,4,"Bremen",288719
"1885",2000,4,"Bremen",278025
"1886",2001,4,"Bremen",269144
"1887",2002,4,"Bremen",281766
"1888",2003,4,"Bremen",299672
"1889",2004,4,"Bremen",300741
"1890",2005,4,"Bremen",306672
"1891",2006,4,"Bremen",320767
"1892",2007,4,"Bremen",352154
"1893",2008,4,"Bremen",351340
"1894",2009,4,"Bremen",352382
"1895",2010,4,"Bremen",399790
"1896",2011,4,"Bremen",411293
"1897",2012,4,"Bremen",416874
"1898",2013,4,"Bremen",464637
"1899",2014,4,"Bremen",533438
"1900",2015,4,"Bremen",528345
"1901",2016,4,"Bremen",519617
"1902",2017,4,"Bremen",540293
"1903",2018,4,"Bremen",565965
"1904",2019,4,"Bremen",628381
"1905",2020,4,"Bremen",199265
"1906",2021,4,"Bremen",456182
"1907",2022,4,"Bremen",599926
"1908",2023,4,"Bremen",594416
"1909",1998,1,"Bonn",243374
"1910",1999,1,"Bonn",263055
"1911",2000,1,"Bonn",248989
"1912",2001,1,"Bonn",247250
"1913",2002,1,"Bonn",225534
"1914",2003,1,"Bonn",215149
"1915",2004,1,"Bonn",235243
"1916",2005,1,"Bonn",244070
"1917",2006,1,"Bonn",246023
"1918",2007,1,"Bonn",270290
"1919",2008,1,"Bonn",255769
"1920",2009,1,"Bonn",254134
"1921",2010,1,"Bonn",243823
"1922",2011,1,"Bonn",281398
"1923",2012,1,"Bonn",290755
"1924",2013,1,"Bonn",288455
"1925",2014,1,"Bonn",312428
"1926",2015,1,"Bonn",319427
"1927",2016,1,"Bonn",318121
"1928",2017,1,"Bonn",346117
"1929",2018,1,"Bonn",345287
"1930",2019,1,"Bonn",368201
"1931",2020,1,"Bonn",286572
"1932",2021,1,"Bonn",88635
"1933",2022,1,"Bonn",205391
"1934",2023,1,"Bonn",316916
"1935",2024,1,"Bonn",334394
"1936",1998,2,"Bonn",292788
"1937",1999,2,"Bonn",307911
"1938",2000,2,"Bonn",292815
"1939",2001,2,"Bonn",264666
"1940",2002,2,"Bonn",261147
"1941",2003,2,"Bonn",248096
"1942",2004,2,"Bonn",276879
"1943",2005,2,"Bonn",323630
"1944",2006,2,"Bonn",306512
"1945",2007,2,"Bonn",287760
"1946",2008,2,"Bonn",337315
"1947",2009,2,"Bonn",301568
"1948",2010,2,"Bonn",318816
"1949",2011,2,"Bonn",332101
"1950",2012,2,"Bonn",349085
"1951",2013,2,"Bonn",368235
"1952",2014,2,"Bonn",393652
"1953",2015,2,"Bonn",395907
"1954",2016,2,"Bonn",419558
"1955",2017,2,"Bonn",419952
"1956",2018,2,"Bonn",420987
"1957",2019,2,"Bonn",452322
"1958",2020,2,"Bonn",88801
"1959",2021,2,"Bonn",115236
"1960",2022,2,"Bonn",416436
"1961",2023,2,"Bonn",455733
"1962",2024,2,"Bonn",453922
"1963",1998,3,"Bonn",282077
"1964",1999,3,"Bonn",287678
"1965",2000,3,"Bonn",298417
"1966",2001,3,"Bonn",288948
"1967",2002,3,"Bonn",265588
"1968",2003,3,"Bonn",253517
"1969",2004,3,"Bonn",280952
"1970",2005,3,"Bonn",308122
"1971",2006,3,"Bonn",301766
"1972",2007,3,"Bonn",310242
"1973",2008,3,"Bonn",316646
"1974",2009,3,"Bonn",306091
"1975",2010,3,"Bonn",334746
"1976",2011,3,"Bonn",344580
"1977",2012,3,"Bonn",354899
"1978",2013,3,"Bonn",379536
"1979",2014,3,"Bonn",409539
"1980",2015,3,"Bonn",402035
"1981",2016,3,"Bonn",422067
"1982",2017,3,"Bonn",418245
"1983",2018,3,"Bonn",428036
"1984",2019,3,"Bonn",480284
"1985",2020,3,"Bonn",246870
"1986",2021,3,"Bonn",353252
"1987",2022,3,"Bonn",439211
"1988",2023,3,"Bonn",452597
"1989",1998,4,"Bonn",269699
"1990",1999,4,"Bonn",273390
"1991",2000,4,"Bonn",266029
"1992",2001,4,"Bonn",254038
"1993",2002,4,"Bonn",235369
"1994",2003,4,"Bonn",247640
"1995",2004,4,"Bonn",271175
"1996",2005,4,"Bonn",290715
"1997",2006,4,"Bonn",294639
"1998",2007,4,"Bonn",293705
"1999",2008,4,"Bonn",288310
"2000",2009,4,"Bonn",278259
"2001",2010,4,"Bonn",311641
"2002",2011,4,"Bonn",337752
"2003",2012,4,"Bonn",323928
"2004",2013,4,"Bonn",363754
"2005",2014,4,"Bonn",372631
"2006",2015,4,"Bonn",378177
"2007",2016,4,"Bonn",379621
"2008",2017,4,"Bonn",411491
"2009",2018,4,"Bonn",400060
"2010",2019,4,"Bonn",452976
"2011",2020,4,"Bonn",143239
"2012",2021,4,"Bonn",304436
"2013",2022,4,"Bonn",389381
"2014",2023,4,"Bonn",406388
"2015",1998,1,"Bochum",113655
"2016",1999,1,"Bochum",103778
"2017",2000,1,"Bochum",100902
"2018",2001,1,"Bochum",106746
"2019",2002,1,"Bochum",105124
"2020",2003,1,"Bochum",97823
"2021",2004,1,"Bochum",111747
"2022",2005,1,"Bochum",109959
"2023",2006,1,"Bochum",126336
"2024",2007,1,"Bochum",115416
"2025",2008,1,"Bochum",117439
"2026",2009,1,"Bochum",117957
"2027",2010,1,"Bochum",124547
"2028",2011,1,"Bochum",134085
"2029",2012,1,"Bochum",147772
"2030",2013,1,"Bochum",141957
"2031",2014,1,"Bochum",141649
"2032",2015,1,"Bochum",147254
"2033",2016,1,"Bochum",147808
"2034",2017,1,"Bochum",153468
"2035",2018,1,"Bochum",154191
"2036",2019,1,"Bochum",150802
"2037",2020,1,"Bochum",114365
"2038",2021,1,"Bochum",25158
"2039",2022,1,"Bochum",91161
"2040",2023,1,"Bochum",147664
"2041",2024,1,"Bochum",165878
"2042",1998,2,"Bochum",116587
"2043",1999,2,"Bochum",114458
"2044",2000,2,"Bochum",114207
"2045",2001,2,"Bochum",114010
"2046",2002,2,"Bochum",105814
"2047",2003,2,"Bochum",111292
"2048",2004,2,"Bochum",119773
"2049",2005,2,"Bochum",116648
"2050",2006,2,"Bochum",134684
"2051",2007,2,"Bochum",121912
"2052",2008,2,"Bochum",141828
"2053",2009,2,"Bochum",131146
"2054",2010,2,"Bochum",148714
"2055",2011,2,"Bochum",152410
"2056",2012,2,"Bochum",150136
"2057",2013,2,"Bochum",159400
"2058",2014,2,"Bochum",160802
"2059",2015,2,"Bochum",159185
"2060",2016,2,"Bochum",167155
"2061",2017,2,"Bochum",165291
"2062",2018,2,"Bochum",155393
"2063",2019,2,"Bochum",162565
"2064",2020,2,"Bochum",27828
"2065",2021,2,"Bochum",43607
"2066",2022,2,"Bochum",149841
"2067",2023,2,"Bochum",180388
"2068",2024,2,"Bochum",210805
"2069",1998,3,"Bochum",106157
"2070",1999,3,"Bochum",98211
"2071",2000,3,"Bochum",102506
"2072",2001,3,"Bochum",102539
"2073",2002,3,"Bochum",94296
"2074",2003,3,"Bochum",101811
"2075",2004,3,"Bochum",121152
"2076",2005,3,"Bochum",107862
"2077",2006,3,"Bochum",122192
"2078",2007,3,"Bochum",119265
"2079",2008,3,"Bochum",129522
"2080",2009,3,"Bochum",131785
"2081",2010,3,"Bochum",153201
"2082",2011,3,"Bochum",147279
"2083",2012,3,"Bochum",136546
"2084",2013,3,"Bochum",158981
"2085",2014,3,"Bochum",158426
"2086",2015,3,"Bochum",154161
"2087",2016,3,"Bochum",158953
"2088",2017,3,"Bochum",158607
"2089",2018,3,"Bochum",159704
"2090",2019,3,"Bochum",160624
"2091",2020,3,"Bochum",72195
"2092",2021,3,"Bochum",88111
"2093",2022,3,"Bochum",168498
"2094",2023,3,"Bochum",179195
"2095",1998,4,"Bochum",113101
"2096",1999,4,"Bochum",111597
"2097",2000,4,"Bochum",111169
"2098",2001,4,"Bochum",114993
"2099",2002,4,"Bochum",106582
"2100",2003,4,"Bochum",111473
"2101",2004,4,"Bochum",121939
"2102",2005,4,"Bochum",133703
"2103",2006,4,"Bochum",126606
"2104",2007,4,"Bochum",134642
"2105",2008,4,"Bochum",141542
"2106",2009,4,"Bochum",131595
"2107",2010,4,"Bochum",153580
"2108",2011,4,"Bochum",153761
"2109",2012,4,"Bochum",145312
"2110",2013,4,"Bochum",175185
"2111",2014,4,"Bochum",163909
"2112",2015,4,"Bochum",169032
"2113",2016,4,"Bochum",168301
"2114",2017,4,"Bochum",168966
"2115",2018,4,"Bochum",165478
"2116",2019,4,"Bochum",169301
"2117",2020,4,"Bochum",52696
"2118",2021,4,"Bochum",120137
"2119",2022,4,"Bochum",166553
"2120",2023,4,"Bochum",178039
"2121",1998,1,"Bielefeld",99725
"2122",1999,1,"Bielefeld",108291
"2123",2000,1,"Bielefeld",127686
"2124",2001,1,"Bielefeld",118177
"2125",2002,1,"Bielefeld",113249
"2126",2003,1,"Bielefeld",110062
"2127",2004,1,"Bielefeld",115774
"2128",2005,1,"Bielefeld",113899
"2129",2006,1,"Bielefeld",118240
"2130",2007,1,"Bielefeld",119575
"2131",2008,1,"Bielefeld",119356
"2132",2009,1,"Bielefeld",112528
"2133",2010,1,"Bielefeld",111205
"2134",2011,1,"Bielefeld",120626
"2135",2012,1,"Bielefeld",124409
"2136",2013,1,"Bielefeld",128285
"2137",2014,1,"Bielefeld",128844
"2138",2015,1,"Bielefeld",128830
"2139",2016,1,"Bielefeld",129075
"2140",2017,1,"Bielefeld",163528
"2141",2018,1,"Bielefeld",149765
"2142",2019,1,"Bielefeld",153170
"2143",2020,1,"Bielefeld",122768
"2144",2021,1,"Bielefeld",36063
"2145",2022,1,"Bielefeld",96778
"2146",2023,1,"Bielefeld",127472
"2147",2024,1,"Bielefeld",132278
"2148",1998,2,"Bielefeld",108943
"2149",1999,2,"Bielefeld",120230
"2150",2000,2,"Bielefeld",125826
"2151",2001,2,"Bielefeld",131579
"2152",2002,2,"Bielefeld",118068
"2153",2003,2,"Bielefeld",113187
"2154",2004,2,"Bielefeld",119741
"2155",2005,2,"Bielefeld",131062
"2156",2006,2,"Bielefeld",132114
"2157",2007,2,"Bielefeld",127349
"2158",2008,2,"Bielefeld",130873
"2159",2009,2,"Bielefeld",125221
"2160",2010,2,"Bielefeld",128336
"2161",2011,2,"Bielefeld",129263
"2162",2012,2,"Bielefeld",135447
"2163",2013,2,"Bielefeld",145106
"2164",2014,2,"Bielefeld",145075
"2165",2015,2,"Bielefeld",154763
"2166",2016,2,"Bielefeld",162976
"2167",2017,2,"Bielefeld",184945
"2168",2018,2,"Bielefeld",177902
"2169",2019,2,"Bielefeld",180743
"2170",2020,2,"Bielefeld",39217
"2171",2021,2,"Bielefeld",49530
"2172",2022,2,"Bielefeld",163326
"2173",2023,2,"Bielefeld",161722
"2174",2024,2,"Bielefeld",166973
"2175",1998,3,"Bielefeld",99479
"2176",1999,3,"Bielefeld",109106
"2177",2000,3,"Bielefeld",131682
"2178",2001,3,"Bielefeld",131487
"2179",2002,3,"Bielefeld",117982
"2180",2003,3,"Bielefeld",113571
"2181",2004,3,"Bielefeld",118624
"2182",2005,3,"Bielefeld",123853
"2183",2006,3,"Bielefeld",125591
"2184",2007,3,"Bielefeld",126321
"2185",2008,3,"Bielefeld",132297
"2186",2009,3,"Bielefeld",131728
"2187",2010,3,"Bielefeld",128894
"2188",2011,3,"Bielefeld",135328
"2189",2012,3,"Bielefeld",141968
"2190",2013,3,"Bielefeld",147389
"2191",2014,3,"Bielefeld",146142
"2192",2015,3,"Bielefeld",145795
"2193",2016,3,"Bielefeld",163764
"2194",2017,3,"Bielefeld",186883
"2195",2018,3,"Bielefeld",181667
"2196",2019,3,"Bielefeld",186562
"2197",2020,3,"Bielefeld",99830
"2198",2021,3,"Bielefeld",135414
"2199",2022,3,"Bielefeld",173065
"2200",2023,3,"Bielefeld",171506
"2201",1998,4,"Bielefeld",105061
"2202",1999,4,"Bielefeld",113557
"2203",2000,4,"Bielefeld",118975
"2204",2001,4,"Bielefeld",129894
"2205",2002,4,"Bielefeld",110828
"2206",2003,4,"Bielefeld",117147
"2207",2004,4,"Bielefeld",121870
"2208",2005,4,"Bielefeld",119110
"2209",2006,4,"Bielefeld",122653
"2210",2007,4,"Bielefeld",126492
"2211",2008,4,"Bielefeld",121661
"2212",2009,4,"Bielefeld",118390
"2213",2010,4,"Bielefeld",123625
"2214",2011,4,"Bielefeld",130201
"2215",2012,4,"Bielefeld",134737
"2216",2013,4,"Bielefeld",145387
"2217",2014,4,"Bielefeld",142028
"2218",2015,4,"Bielefeld",143769
"2219",2016,4,"Bielefeld",164171
"2220",2017,4,"Bielefeld",169889
"2221",2018,4,"Bielefeld",170569
"2222",2019,4,"Bielefeld",173683
"2223",2020,4,"Bielefeld",56784
"2224",2021,4,"Bielefeld",128807
"2225",2022,4,"Bielefeld",149660
"2226",2023,4,"Bielefeld",149286
"2227",1998,1,"Berlin",1620244
"2228",1999,1,"Berlin",1712355
"2229",2000,1,"Berlin",2144452
"2230",2001,1,"Berlin",2221531
"2231",2002,1,"Berlin",2166353
"2232",2003,1,"Berlin",2058453
"2233",2004,1,"Berlin",2369140
"2234",2005,1,"Berlin",2779063
"2235",2006,1,"Berlin",2949531
"2236",2007,1,"Berlin",3354160
"2237",2008,1,"Berlin",3466896
"2238",2009,1,"Berlin",3429001
"2239",2010,1,"Berlin",4019899
"2240",2011,1,"Berlin",4073731
"2241",2012,1,"Berlin",4673672
"2242",2013,1,"Berlin",5244602
"2243",2014,1,"Berlin",5409926
"2244",2015,1,"Berlin",5861052
"2245",2016,1,"Berlin",6335025
"2246",2017,1,"Berlin",6311436
"2247",2018,1,"Berlin",6710448
"2248",2019,1,"Berlin",7037757
"2249",2020,1,"Berlin",5419479
"2250",2021,1,"Berlin",957194
"2251",2022,1,"Berlin",3531889
"2252",2023,1,"Berlin",5797809
"2253",2024,1,"Berlin",6262124
"2254",1998,2,"Berlin",2363354
"2255",1999,2,"Berlin",2527434
"2256",2000,2,"Berlin",3317480
"2257",2001,2,"Berlin",3328670
"2258",2002,2,"Berlin",3180268
"2259",2003,2,"Berlin",3256713
"2260",2004,2,"Berlin",3705195
"2261",2005,2,"Berlin",3918540
"2262",2006,2,"Berlin",4286581
"2263",2007,2,"Berlin",4703753
"2264",2008,2,"Berlin",4741360
"2265",2009,2,"Berlin",4975646
"2266",2010,2,"Berlin",5580780
"2267",2011,2,"Berlin",6144730
"2268",2012,2,"Berlin",6666962
"2269",2013,2,"Berlin",7139001
"2270",2014,2,"Berlin",7761038
"2271",2015,2,"Berlin",7953828
"2272",2016,2,"Berlin",8086881
"2273",2017,2,"Berlin",8367690
"2274",2018,2,"Berlin",8589425
"2275",2019,2,"Berlin",9067561
"2276",2020,2,"Berlin",1100419
"2277",2021,2,"Berlin",1581072
"2278",2022,2,"Berlin",7611790
"2279",2023,2,"Berlin",8020614
"2280",2024,2,"Berlin",8097657
"2281",1998,3,"Berlin",2411919
"2282",1999,3,"Berlin",2783944
"2283",2000,3,"Berlin",3318171
"2284",2001,3,"Berlin",3326242
"2285",2002,3,"Berlin",3178001
"2286",2003,3,"Berlin",3282171
"2287",2004,3,"Berlin",3971076
"2288",2005,3,"Berlin",4354577
"2289",2006,3,"Berlin",4714420
"2290",2007,3,"Berlin",5038952
"2291",2008,3,"Berlin",5216907
"2292",2009,3,"Berlin",5715682
"2293",2010,3,"Berlin",6170862
"2294",2011,3,"Berlin",6609072
"2295",2012,3,"Berlin",7431290
"2296",2013,3,"Berlin",7969882
"2297",2014,3,"Berlin",8388557
"2298",2015,3,"Berlin",8963586
"2299",2016,3,"Berlin",8903378
"2300",2017,3,"Berlin",8975984
"2301",2018,3,"Berlin",9483772
"2302",2019,3,"Berlin",9651204
"2303",2020,3,"Berlin",4205140
"2304",2021,3,"Berlin",5980161
"2305",2022,3,"Berlin",8398717
"2306",2023,3,"Berlin",8548095
"2307",1998,4,"Berlin",1971508
"2308",1999,4,"Berlin",2569284
"2309",2000,4,"Berlin",2765459
"2310",2001,4,"Berlin",2595972
"2311",2002,4,"Berlin",2609961
"2312",2003,4,"Berlin",2828053
"2313",2004,4,"Berlin",3214982
"2314",2005,4,"Berlin",3568135
"2315",2006,4,"Berlin",3962113
"2316",2007,4,"Berlin",4189108
"2317",2008,4,"Berlin",4345114
"2318",2009,4,"Berlin",4751645
"2319",2010,4,"Berlin",5024102
"2320",2011,4,"Berlin",5529585
"2321",2012,4,"Berlin",6124277
"2322",2013,4,"Berlin",6588597
"2323",2014,4,"Berlin",7129162
"2324",2015,4,"Berlin",7471600
"2325",2016,4,"Berlin",7742491
"2326",2017,4,"Berlin",7494980
"2327",2018,4,"Berlin",8087989
"2328",2019,4,"Berlin",8367842
"2329",2020,4,"Berlin",1553422
"2330",2021,4,"Berlin",5441693
"2331",2022,4,"Berlin",6983973
"2332",2023,4,"Berlin",7222925
"2333",1998,1,"Amsterdam",1430000
"2334",1999,1,"Amsterdam",1591100
"2335",2000,1,"Amsterdam",1573600
"2336",2001,1,"Amsterdam",1608800
"2337",2002,1,"Amsterdam",1673000
"2338",2003,1,"Amsterdam",1452700
"2339",2004,1,"Amsterdam",1538400
"2340",2005,1,"Amsterdam",1683500
"2341",2006,1,"Amsterdam",1717200
"2342",2007,1,"Amsterdam",1904900
"2343",2008,1,"Amsterdam",1883700
"2344",2009,1,"Amsterdam",1706000
"2345",2010,1,"Amsterdam",1934600
"2346",2011,1,"Amsterdam",1908200
"2347",2012,1,"Amsterdam",2060000
"2348",2013,1,"Amsterdam",2252000
"2349",2014,1,"Amsterdam",2538000
"2350",2015,1,"Amsterdam",2707000
"2351",2016,1,"Amsterdam",3137000
"2352",2017,1,"Amsterdam",3413000
"2353",2018,1,"Amsterdam",3679000
"2354",2019,1,"Amsterdam",4089000
"2355",2020,1,"Amsterdam",3017000
"2356",2021,1,"Amsterdam",378000
"2357",2022,1,"Amsterdam",1919000
"2358",2023,1,"Amsterdam",4304000
"2359",2024,1,"Amsterdam",4580000
"2360",1998,2,"Amsterdam",1934200
"2361",1999,2,"Amsterdam",2003600
"2362",2000,2,"Amsterdam",1990400
"2363",2001,2,"Amsterdam",2092300
"2364",2002,2,"Amsterdam",2024700
"2365",2003,2,"Amsterdam",1884700
"2366",2004,2,"Amsterdam",2039100
"2367",2005,2,"Amsterdam",2100100
"2368",2006,2,"Amsterdam",2318000
"2369",2007,2,"Amsterdam",2362100
"2370",2008,2,"Amsterdam",2265800
"2371",2009,2,"Amsterdam",2299200
"2372",2010,2,"Amsterdam",2561200
"2373",2011,2,"Amsterdam",2666700
"2374",2012,2,"Amsterdam",2937000
"2375",2013,2,"Amsterdam",3067000
"2376",2014,2,"Amsterdam",3372000
"2377",2015,2,"Amsterdam",3460000
"2378",2016,2,"Amsterdam",3670000
"2379",2017,2,"Amsterdam",4276000
"2380",2018,2,"Amsterdam",4359000
"2381",2019,2,"Amsterdam",4884000
"2382",2020,2,"Amsterdam",337000
"2383",2021,2,"Amsterdam",718000
"2384",2022,2,"Amsterdam",4807000
"2385",2023,2,"Amsterdam",5532000
"2386",2024,2,"Amsterdam",5562000
"2387",1998,3,"Amsterdam",2097900
"2388",1999,3,"Amsterdam",2166200
"2389",2000,3,"Amsterdam",2202800
"2390",2001,3,"Amsterdam",2119600
"2391",2002,3,"Amsterdam",2095900
"2392",2003,3,"Amsterdam",1981700
"2393",2004,3,"Amsterdam",2200500
"2394",2005,3,"Amsterdam",2308500
"2395",2006,3,"Amsterdam",2476800
"2396",2007,3,"Amsterdam",2494600
"2397",2008,3,"Amsterdam",2325800
"2398",2009,3,"Amsterdam",2530900
"2399",2010,3,"Amsterdam",2912100
"2400",2011,3,"Amsterdam",2836800
"2401",2012,3,"Amsterdam",3101000
"2402",2013,3,"Amsterdam",3274000
"2403",2014,3,"Amsterdam",3595000
"2404",2015,3,"Amsterdam",3659000
"2405",2016,3,"Amsterdam",3855000
"2406",2017,3,"Amsterdam",4362000
"2407",2018,3,"Amsterdam",4631000
"2408",2019,3,"Amsterdam",5021000
"2409",2020,3,"Amsterdam",1881000
"2410",2021,3,"Amsterdam",2331000
"2411",2022,3,"Amsterdam",5318000
"2412",2023,3,"Amsterdam",5642000
"2413",1998,4,"Amsterdam",1655600
"2414",1999,4,"Amsterdam",1678800
"2415",2000,4,"Amsterdam",1767600
"2416",2001,4,"Amsterdam",1716700
"2417",2002,4,"Amsterdam",1662200
"2418",2003,4,"Amsterdam",1695400
"2419",2004,4,"Amsterdam",1844400
"2420",2005,4,"Amsterdam",1894800
"2421",2006,4,"Amsterdam",2075400
"2422",2007,4,"Amsterdam",2082900
"2423",2008,4,"Amsterdam",1834400
"2424",2009,4,"Amsterdam",2025200
"2425",2010,4,"Amsterdam",2316700
"2426",2011,4,"Amsterdam",2317050
"2427",2012,4,"Amsterdam",2466000
"2428",2013,4,"Amsterdam",2669000
"2429",2014,4,"Amsterdam",3031000
"2430",2015,4,"Amsterdam",3072000
"2431",2016,4,"Amsterdam",3321000
"2432",2017,4,"Amsterdam",3806000
"2433",2018,4,"Amsterdam",4005000
"2434",2019,4,"Amsterdam",4382000
"2435",2020,4,"Amsterdam",567000
"2436",2021,4,"Amsterdam",2346000
"2437",2022,4,"Amsterdam",4729000
"2438",2023,4,"Amsterdam",4908000
